fuzzer,domain,dns_a,dns_aaaa,dns_mx,dns_ns,created_date_in_time,updated_date_in_time,expiration_date_in_time
omission,www.abconnect.com,72.3.164.64,,,,2002-11-04T05:57:12Z,2022-10-31T05:13:47Z,2023-11-04T05:57:12Z
subdomain,www.ac.ubalance.com,13.248.169.48,ns1.namefind.com,,,2011-07-14T18:06:30Z,2023-05-24T15:08:20Z,2024-07-14T18:06:30Z
repetition,www.accubalance.com,52.58.78.16,,,,2018-01-17T19:53:49Z,2023-01-18T16:01:21Z,2024-01-17T19:53:49Z
bitsquatting,www.acebalance.com,46.30.211.38,,,,2019-05-07T19:44:43Z,2023-04-12T13:18:26Z,2024-05-07T19:44:43Z
replacement,www.acibalance.com,154.26.243.177,ns07.domaincontrol.com,,,2023-05-19T09:31:32Z,2023-05-19T09:31:32Z,2024-05-19T09:31:32Z
subdomain,www.acu.balance.com,12.13.211.113,,,,1995-02-10T05:00:00Z,2023-01-10T09:29:55Z,2024-02-11T05:00:00Z
subdomain,www.acubalan.ce.com,104.247.81.51,mail.h-email.net,ns1.parkingcrew.net,,1995-02-26T05:00:00Z,2023-08-28T03:29:26Z,2030-02-27T05:00:00Z
*original,www.acubalance.com,15.197.142.173,mailstore1.secureserver.net,ns45.domaincontrol.com,,2005-01-28T19:21:41Z,2023-01-29T22:10:22Z,2025-01-28T19:21:41Z
hyphenation,www.acu-balance.com,72.52.179.174,mx156.hostedmxserver.com,ns1.parklogic.com,,2005-07-09T10:29:12Z,2023-07-16T21:36:16Z,2024-07-09T10:29:12Z
transposition,www.albconnect.com,34.205.242.146,nsg1.namebrightdns.com,,,2022-02-09T19:18:35Z,2023-04-23T07:45:05Z,2024-02-09T19:18:35Z
bitsquatting,www.alliedweld.com,69.49.228.250,alliedweld.com,ns1.arwainfotech.in,,2001-04-23T05:29:01Z,2023-04-24T07:03:09Z,2024-04-23T05:29:01Z
*original,www.alliedwell.com,3.18.7.81,domain-for-sale.hugedomainsdns.com,,,2012-07-29T18:12:08Z,2023-04-18T06:36:48Z,2025-07-29T18:12:08Z
addition,www.alliedwells.com,3.233.126.24,,,,2005-04-05T15:23:22Z,2022-09-13T00:35:14Z,2024-04-05T15:23:22Z
homoglyph,www.allieelwell.com,192.0.78.24,alt1.aspmx.l.google.com,ns1.wordpress.com,,2016-07-11T10:44:00Z,2023-06-11T13:56:18Z,2025-07-11T10:44:00Z
replacement,www.allisdwell.com,104.21.62.150,2606:4700:3032::ac43:88b6,,,2022-11-28T14:19:13Z,2022-12-16T17:21:29Z,2023-11-28T14:19:13Z
omission,www.astrovital.com,66.45.246.141,,,,2007-04-21T00:24:24Z,2023-04-21T07:49:14Z,2024-04-21T00:24:24Z
subdomain,www.au.diosphere.com,35.223.125.196,,,,2001-03-21T00:37:09Z,2020-03-29T00:30:45Z,2024-03-20T23:37:09Z
bitsquatting,www.audiosphera.com,104.21.85.207,2606:4700:3031::6815:55cf,,,2001-04-10T21:22:42Z,2023-03-02T16:38:15Z,2024-04-10T21:22:43Z
*original,www.audiosphere.com,15.197.148.33,audiosphere-com.mail.protection.outlook.com,ns27.domaincontrol.com,,1997-11-10T05:00:00Z,2022-10-28T14:47:51Z,2023-11-09T05:00:00Z
hyphenation,www.audio-sphere.com,94.126.16.70,,,,2009-09-26T16:14:06Z,2019-09-23T09:01:06Z,2024-09-26T16:14:06Z
addition,www.audiospheres.com,34.149.87.45,,,,2019-11-29T10:27:59Z,2022-11-30T08:13:28Z,2023-11-29T10:27:59Z
bitsquatting,www.ayeview.com,91.195.240.19,,,,2023-06-08T19:24:17Z,2023-06-08T19:24:20Z,2024-06-08T19:24:17Z
replacement,www.bearwell.com,18.119.154.66,nsg1.namebrightdns.com,,,2018-12-18T19:31:54Z,2023-04-21T02:38:51Z,2025-12-18T19:31:54Z
subdomain,www.beautysc.ulpt.com,173.255.194.134,ns1.mytrafficmanagement.com,,,2010-01-06T19:03:52Z,2023-02-17T13:38:39Z,2024-01-06T19:03:52Z
subdomain,www.beautyscu.lpt.com,104.18.20.166,2606:4700::6812:14a6,,,1994-12-06T05:00:00Z,2022-11-19T09:23:59Z,2024-12-05T05:00:00Z
*original,www.beautysculpt.com,13.248.169.48,ns1.namefind.com,,,2018-02-10T19:42:51Z,2023-01-21T10:02:01Z,2024-02-10T19:42:51Z
omission,www.beautyscult.com,108.138.167.109,ns-1206.awsdns-22.org,,,2018-11-28T20:15:54Z,2022-11-29T22:52:56Z,2024-11-28T20:15:54Z
bitsquatting,www.beautyskulpt.com,162.159.140.67,2606:4700:7::43,,,2023-03-28T18:31:09Z,2023-03-28T18:31:10Z,2024-03-28T18:31:09Z
bitsquatting,www.bitvibe.com,23.227.38.74,,,,2009-03-01T20:44:57Z,2022-09-05T20:38:09Z,2025-03-01T20:44:57Z
subdomain,www.cardi.ovista.com,64.190.63.111,localhost,ns1.sedoparking.com,,2001-02-02T03:26:38Z,2022-09-09T01:04:48Z,2024-02-02T03:26:38Z
subdomain,www.cardiov.ista.com,62.116.130.8,,,,2001-11-25T19:08:56Z,2022-11-26T08:35:17Z,2023-11-25T19:08:56Z
*original,www.cardiovista.com,13.248.169.48,ns1.namefind.com,,,2023-09-12T18:11:39Z,2023-09-16T05:12:26Z,2024-09-12T18:11:39Z
omission,www.cardiovita.com,18.233.251.213,,,,2009-05-16T18:21:28Z,2023-05-25T16:13:53Z,2024-05-16T18:21:28Z
omission,www.cardivista.com,68.178.145.166,ns11.domaincontrol.com,,,2019-01-18T18:11:48Z,2022-10-17T05:28:35Z,2024-01-18T18:11:48Z
replacement,www.centacare.com,141.193.213.20,au-smtp-inbound-1.mimecast.com,ns0.dnsmadeeasy.com,,2003-09-14T18:04:38Z,2022-10-17T13:37:28Z,2026-09-14T18:04:38Z
subdomain,www.cleans.weep.com,173.255.194.134,mail.mailerhost.net,ns1.mytrafficmanagement.com,,1999-01-05T05:00:00Z,2023-04-13T03:43:17Z,2030-01-05T05:00:00Z
omission,www.cleanseep.com,121.40.221.14,,,,2017-05-24T12:54:24Z,2023-04-21T00:01:22Z,2024-05-24T12:54:24Z
insertion,www.cleanssweep.com,162.241.216.155,mail.cleanssweep.com,ns1.bluehost.com,,2023-03-21T17:43:08Z,2023-03-21T17:43:08Z,2024-03-21T17:43:08Z
subdomain,www.cleansw.eep.com,69.10.42.213,,,,1994-12-05T05:00:00Z,2023-10-04T20:02:13Z,2026-11-01T11:59:59Z
*original,www.cleansweep.com,86.105.245.69,,,,2001-06-21T21:45:46Z,2020-12-14T18:55:59Z,2026-06-21T21:45:46Z
hyphenation,www.clean-sweep.com,192.0.78.180,mx1-us1.ppe-hosted.com,ns1.wordpress.com,,2011-03-17T18:29:58Z,2023-09-13T17:16:21Z,2025-03-17T18:29:58Z
addition,www.cleansweep1.com,54.148.253.109,ns1-a1.warnerbros.com,,,2000-10-27T00:22:36Z,2023-09-25T09:11:37Z,2025-10-27T00:22:36Z
addition,www.cleansweepa.com,35.71.182.241,ns63.domaincontrol.com,,,2023-06-26T18:55:08Z,2023-06-26T18:55:08Z,2024-06-26T18:55:08Z
addition,www.cleansweepe.com,185.230.61.173,dns1.parastorage.com,,,2010-11-22T16:16:16Z,2023-10-24T07:05:26Z,2024-11-22T16:16:16Z
addition,www.cleansweepp.com,72.52.229.145,mx1.emailsrvr.com,ns1.conceptsrq.com,,2011-09-16T21:28:25Z,2023-06-05T13:57:02Z,2024-09-16T21:28:25Z
addition,www.cleansweeps.com,104.196.196.12,,,,1996-11-28T05:00:00Z,2023-10-28T19:30:12Z,2024-11-27T05:00:00Z
addition,www.cleansweepz.com,34.205.242.146,nsg1.namebrightdns.com,,,2021-08-10T18:13:14Z,2023-04-22T20:29:12Z,2025-08-10T18:13:14Z
bitsquatting,www.cleansweet.com,3.18.7.81,nsg1.namebrightdns.com,,,2013-12-31T19:15:20Z,2023-04-18T20:55:23Z,2024-12-31T19:15:20Z
replacement,www.cleanzweep.com,205.235.26.22,,,,2011-11-29T18:51:24Z,2023-09-25T22:37:12Z,2024-11-29T18:51:24Z
homoglyph,www.clearsweep.com,207.148.248.143,,,,2016-06-21T18:26:42Z,2023-06-22T07:45:08Z,2024-06-21T18:26:42Z
bitsquatting,www.cleensweep.com,13.248.169.48,ns1.namefind.com,,,1997-04-17T04:00:00Z,2023-01-25T03:12:40Z,2024-04-18T04:00:00Z
omission,www.climatcomfort.com,75.2.115.196,,,,2023-08-17T19:44:52Z,2023-08-17T19:44:54Z,2024-08-17T19:44:52Z
subdomain,www.climatecomf.ort.com,216.40.34.37,,,,1996-08-26T04:00:00Z,2023-07-27T04:13:58Z,2024-08-25T04:00:00Z
*original,www.climatecomfort.com,52.20.84.62,mx1-forward.squadhelp.com,ns1.squadhelp.com,,2004-05-08T18:29:42Z,2023-08-19T04:34:04Z,2024-05-08T18:29:42Z
addition,www.climatecomforts.com,3.64.163.50,ns1.dan.com,,,2014-08-19T20:28:01Z,2023-10-03T22:35:02Z,2024-08-19T20:28:01Z
omission,www.cubalance.com,15.197.142.173,mailstore1.secureserver.net,ns57.domaincontrol.com,,2016-11-02T22:24:36Z,2022-11-03T13:15:05Z,2023-11-02T22:24:36Z
subdomain,www.cushma.nwakefield.com,3.130.204.160,nsg1.namebrightdns.com,,,2022-01-16T19:15:04Z,2023-04-23T06:34:33Z,2024-01-16T19:15:04Z
subdomain,www.cushman.wakefield.com,192.200.160.20,wakefieldthermal-com.mail.protection.outlook.com,ns1-08.azure-dns.com,,1995-12-26T05:00:00Z,2023-01-26T17:23:33Z,2024-12-25T05:00:00Z
homoglyph,www.cushmannwakefield.com,91.195.240.123,,,,2023-09-26T21:58:47Z,2023-09-26T21:58:47Z,2024-09-26T21:58:47Z
insertion,www.cushmanswakefield.com,84.32.84.32,mx1.hostinger.com,ns1.dns-parking.com,,2023-05-22T14:26:07Z,2023-05-22T14:26:14Z,2024-05-22T14:26:07Z
subdomain,www.cushmanwak.efield.com,104.247.81.54,mail.h-email.net,ns1.parkingcrew.net,,2002-05-23T18:10:08Z,2023-05-17T13:33:28Z,2024-05-23T18:10:08Z
subdomain,www.cushmanwakef.ield.com,13.248.169.48,ns3.afternic.com,,,2009-11-14T19:04:06Z,2023-05-19T18:35:31Z,2032-11-14T19:04:06Z
omission,www.cushmanwakefeld.com,154.55.225.104,,,,2023-08-27T15:39:25Z,2023-08-27T15:39:26Z,2024-08-27T15:39:25Z
omission,www.cushmanwakefied.com,103.120.80.155,,,,2022-10-13T07:52:41Z,2023-10-14T07:07:43Z,2024-10-13T07:52:41Z
omission,www.cushmanwakefiel.com,104.247.82.172,ns1.parkingcrew.net,,,2022-05-20T09:44:03Z,2023-05-10T04:27:09Z,2024-05-20T09:44:03Z
*original,www.cushmanwakefield.com,52.252.160.142,,,,1998-12-07T05:00:00Z,2023-10-06T23:41:26Z,2024-10-06T18:45:36Z
hyphenation,www.cushman-wakefield.com,217.19.248.132,,,,2019-07-17T09:32:02Z,2023-08-01T02:16:16Z,2025-07-17T09:32:02Z
omission,www.cushmanwakefild.com,103.120.80.155,,,,2022-10-13T07:39:42Z,2023-10-14T07:07:16Z,2024-10-13T07:39:42Z
transposition,www.cushmanwakefiled.com,216.245.213.77,,,,2020-05-04T19:51:42Z,2023-05-12T16:07:51Z,2024-05-04T19:51:42Z
omission,www.cushmanwakeield.com,103.120.80.155,,,,2022-10-13T07:58:38Z,2023-10-14T07:07:57Z,2024-10-13T07:58:38Z
subdomain,www.d.entacare.com,13.248.169.48,ns1.namefind.com,,,2005-05-16T22:54:08Z,2023-04-26T10:01:18Z,2024-05-16T22:54:08Z
bitsquatting,www.dabconnect.com,15.197.142.173,ns51.domaincontrol.com,,,2013-08-08T21:28:31Z,2023-08-21T07:21:55Z,2024-08-08T21:28:31Z
bitsquatting,www.dantacare.com,15.197.148.33,ns47.domaincontrol.com,,,2023-02-07T05:39:52Z,2023-02-07T05:39:52Z,2025-02-07T05:39:52Z
subdomain,www.de.ntacare.com,13.248.169.48,ns5.afternic.com,,,2017-10-31T00:07:37Z,2023-10-31T07:42:46Z,2024-10-31T00:07:37Z
omission,www.denacare.com,15.197.142.173,mailstore1.secureserver.net,ns13.domaincontrol.com,,2009-11-28T16:39:52Z,2022-12-10T13:18:32Z,2023-11-28T16:39:52Z
replacement,www.dent2care.com,34.249.138.199,2a05:d018:964:c0c:ac60:beb3:d5c4:7a41,,,2011-11-18T17:30:06Z,2022-11-19T08:31:36Z,2023-11-18T17:30:06Z
repetition,www.dentaacare.com,89.117.157.74,2a02:4780:11:1100:0:2567:58fa:3,mx1.hostinger.com,ns1.dns-parking.com,2022-04-27T07:36:32Z,2023-04-30T01:47:04Z,2024-04-27T07:36:32Z
omission,www.dentacar.com,3.94.41.167,nsg1.namebrightdns.com,,,2017-11-25T19:53:39Z,2023-04-20T13:53:51Z,2025-11-25T19:53:39Z
bitsquatting,www.dentacard.com,162.159.134.42,,,,2001-04-16T03:24:16Z,2023-04-16T07:50:43Z,2024-04-16T03:24:16Z
*original,www.dentacare.com,199.59.243.225,,,,1997-11-01T05:00:00Z,2023-10-28T01:05:51Z,2024-10-31T04:00:00Z
addition,www.dentacares.com,52.71.57.184,nsg1.namebrightdns.com,,,2022-08-28T18:26:36Z,2023-08-22T07:03:03Z,2024-08-28T18:26:36Z
bitsquatting,www.dentacase.com,3.64.163.50,ns1.dan.com,,,2018-06-18T04:12:56Z,2023-10-03T22:37:21Z,2024-06-18T04:12:56Z
vowel-swap,www.dentacore.com,217.160.0.230,2001:8d8:100f:f000::22d,,,2014-12-04T18:09:30Z,2022-12-05T08:31:22Z,2023-12-04T18:09:30Z
vowel-swap,www.dentacure.com,141.98.13.101,,,,2017-02-22T05:09:52Z,2023-01-24T08:31:41Z,2025-02-22T05:09:52Z
bitsquatting,www.dentakare.com,217.160.0.83,2001:8d8:100f:f000::21e,,,2021-02-24T06:37:22Z,2023-02-25T08:03:52Z,2024-02-24T06:37:22Z
omission,www.dentcare.com,13.248.169.48,ns1.namefind.com,,,2003-03-16T19:05:26Z,2023-02-24T10:02:46Z,2024-03-16T18:05:26Z
bitsquatting,www.dentecare.com,15.197.142.173,ns25.domaincontrol.com,,,2013-02-07T13:11:05Z,2023-02-18T20:05:50Z,2024-02-07T13:11:05Z
bitsquatting,www.denticare.com,173.254.49.232,mail.denticare.com,ns1.rhostbh.com,,1998-01-16T05:00:00Z,2022-11-03T15:47:25Z,2024-01-15T05:00:00Z
vowel-swap,www.dentocare.com,81.169.145.64,2a01:238:20a:202:1064::,smtpin.rzone.de,ns1.webmailer.de,1999-08-06T18:07:41Z,2023-08-07T07:26:22Z,2024-08-06T18:07:33Z
replacement,www.dentscare.com,3.223.248.1,dentscare-com.mail.protection.outlook.com,ns-126.awsdns-15.com,,2014-08-28T12:07:22Z,2023-08-14T13:58:16Z,2032-08-28T12:07:22Z
vowel-swap,www.dentucare.com,64.29.151.221,,,,2008-01-12T23:32:54Z,2023-05-24T23:59:54Z,2024-01-12T23:32:54Z
replacement,www.dentycare.com,52.71.57.184,nsg1.namebrightdns.com,,,2022-07-30T18:33:32Z,2023-07-24T07:01:25Z,2024-07-30T18:33:32Z
replacement,www.dentzcare.com,91.195.240.19,,,,2023-08-04T08:42:59Z,2023-09-30T10:27:09Z,2024-08-04T08:42:59Z
omission,www.detacare.com,85.10.159.74,2a01:7c8:f0:1071::8d65:3a00,mx.transip.email,ns0.transip.net,2016-05-24T12:13:58Z,2023-05-25T07:17:50Z,2024-05-24T12:13:58Z
omission,www.edequip.com,207.148.248.143,,,,2015-09-21T18:28:19Z,2023-09-22T07:30:17Z,2024-09-21T18:28:19Z
omission,www.edexplore.com,185.197.75.37,edexplore.com,ns1.inmotionhosting.com,,2010-10-05T17:55:26Z,2023-09-06T13:12:07Z,2025-10-05T17:55:26Z
omission,www.edihealth.com,216.39.107.196,mx1.hc5603-35.iphmx.com,ns-1224.awsdns-25.org,,2003-10-06T20:42:52Z,2022-10-11T21:15:12Z,2025-10-06T20:42:52Z
omission,www.edocare.com,81.22.245.92,,,,2009-05-10T23:52:10Z,2023-05-06T16:39:26Z,2024-05-10T23:52:10Z
omission,www.edtech.com,161.35.104.214,alt1.aspmx.l.google.com,ns1.digitalocean.com,,1994-03-20T05:00:00Z,2023-03-21T15:55:07Z,2025-03-21T04:00:00Z
bitsquatting,www.eedtech.com,199.34.228.57,eedtech-com.mail.protection.outlook.com,ns75.domaincontrol.com,,2013-02-27T02:10:04Z,2023-02-28T11:45:14Z,2024-02-27T02:10:04Z
omission,www.eeview.com,3.94.41.167,nsg1.namebrightdns.com,,,2016-03-18T18:18:53Z,2023-04-19T15:12:51Z,2024-03-18T18:18:53Z
transposition,www.eharwell.com,98.129.229.52,,,,2006-07-21T14:31:27Z,2022-09-03T19:07:01Z,2024-07-21T14:31:27Z
bitsquatting,www.eieview.com,15.197.148.33,mailstore1.secureserver.net,ns77.domaincontrol.com,,2015-10-26T19:55:20Z,2023-10-27T13:34:07Z,2025-10-26T19:55:20Z
bitsquatting,www.eldocare.com,35.209.158.221,,,,2018-04-06T21:19:27Z,2022-10-10T17:51:57Z,2025-04-06T21:19:27Z
homoglyph,www.embocare.com,142.234.89.179,,,,2022-12-08T19:08:00Z,2023-05-21T23:43:08Z,2023-12-08T19:08:00Z
transposition,www.emdtech.com,34.149.87.45,,,,1998-05-29T04:00:00Z,2023-04-15T19:59:53Z,2025-05-28T04:00:00Z
replacement,www.encocare.com,15.197.148.33,ns19.domaincontrol.com,,,2021-01-31T19:30:04Z,2023-02-01T15:40:11Z,2024-01-31T19:30:04Z
omission,www.endcare.com,13.248.169.48,ns5.afternic.com,,,2009-12-10T22:40:57Z,2023-08-18T19:48:51Z,2024-12-10T22:40:57Z
replacement,www.endocafe.com,199.34.228.172,921747015.pamx1.hotmail.com,ns63.domaincontrol.com,,2021-04-05T20:56:28Z,2022-10-13T19:09:39Z,2024-04-05T20:56:28Z
omission,www.endocar.com,18.119.154.66,nsg1.namebrightdns.com,,,2013-11-30T19:43:56Z,2023-04-18T19:52:56Z,2024-11-30T19:43:56Z
bitsquatting,www.endocard.com,18.233.251.213,,,,2008-06-16T10:02:14Z,2023-06-17T02:01:02Z,2024-06-16T10:02:14Z
hyphenation,www.endo-care.com,217.160.0.54,2001:8d8:100f:f000::20a,,,2004-11-04T17:53:56Z,2022-11-05T07:36:30Z,2023-11-04T17:53:56Z
addition,www.endocares.com,52.71.57.184,nsg1.namebrightdns.com,,,2023-07-20T18:30:52Z,2023-07-21T11:52:48Z,2024-07-20T18:30:52Z
replacement,www.endocars.com,183.181.81.159,,,,2020-06-30T07:30:44Z,2021-02-22T04:24:53Z,2030-06-30T07:30:44Z
bitsquatting,www.endocase.com,81.22.96.103,mx.endocase.com,ns1.domaintescil.com,,2008-03-23T23:29:31Z,2022-11-23T06:21:40Z,2028-03-23T23:29:31Z
replacement,www.endocate.com,34.98.99.30,ns69.domaincontrol.com,,,2018-10-31T17:25:46Z,2023-02-24T10:52:34Z,2023-10-31T17:25:46Z
vowel-swap,www.endocore.com,3.94.41.167,nsg1.namebrightdns.com,,,2011-08-26T18:08:09Z,2023-04-18T00:03:28Z,2025-08-26T18:08:09Z
vowel-swap,www.endocure.com,207.148.248.143,,,,2011-02-26T19:30:19Z,2023-01-28T07:29:26Z,2024-02-26T19:30:19Z
bitsquatting,www.endokare.com,135.181.164.29,endokare.com,webs16.futuresouls.com,,2021-02-10T10:59:04Z,2023-01-11T14:26:14Z,2024-02-10T10:59:04Z
bitsquatting,www.eneocare.com,23.227.38.74,,,,2020-07-07T18:18:41Z,2023-06-07T16:34:38Z,2024-07-07T18:18:41Z
omission,www.enocare.com,18.119.154.66,ns1.namebrightdns.com,,,2017-04-20T18:44:38Z,2023-04-20T04:05:46Z,2025-04-20T18:44:38Z
replacement,www.ensocare.com,52.44.246.186,,,,2012-11-27T14:51:05Z,2022-12-01T18:51:36Z,2024-11-27T14:51:05Z
omission,www.entacare.com,13.248.169.48,ns1.namefind.com,,,2005-05-16T22:54:08Z,2023-04-26T10:01:18Z,2024-05-16T22:54:08Z
bitsquatting,www.entocare.com,81.88.57.96,,,,2016-10-12T09:50:29Z,2023-10-13T07:11:19Z,2024-10-12T09:50:29Z
omission,www.europulse.com,18.233.251.213,,,,1997-11-06T05:00:00Z,2022-11-29T19:46:59Z,2023-11-05T06:00:00Z
subdomain,www.eye.view.com,3.229.159.122,,,,1994-11-01T05:00:00Z,2022-09-01T08:07:47Z,2025-10-31T04:00:00Z
insertion,www.eye3view.com,15.197.148.33,ns29.domaincontrol.com,,,2021-03-30T20:01:04Z,2023-03-31T12:03:23Z,2025-03-30T20:01:04Z
insertion,www.eyesview.com,15.197.148.33,mailstore1.secureserver.net,ns13.domaincontrol.com,,2004-04-22T20:23:15Z,2023-04-23T14:02:44Z,2024-04-22T20:23:15Z
omission,www.eyevie.com,3.94.41.167,nsg1.namebrightdns.com,,,2018-10-27T18:12:59Z,2022-08-26T19:39:08Z,2024-10-27T18:12:59Z
*original,www.eyeview.com,104.21.89.42,2606:4700:3032::ac43:9c58,,,2002-03-21T19:25:30Z,2023-04-19T13:26:02Z,2027-03-21T18:25:30Z
hyphenation,www.eye-view.com,208.91.197.27,,,,2015-12-15T19:45:01Z,2019-08-09T16:16:55Z,2025-12-15T19:45:01Z
addition,www.eyeviews.com,13.248.169.48,ns1.namefind.com,,,2000-03-14T02:01:22Z,2023-02-21T10:00:22Z,2024-03-14T01:01:22Z
subdomain,www.f.itvibe.com,199.59.243.225,,,,2003-03-28T18:40:10Z,2023-03-29T09:33:26Z,2024-03-28T17:40:10Z
subdomain,www.familyful.fill.com,13.248.169.48,ns1.namefind.com,,,1999-09-27T10:43:23Z,2023-05-16T18:06:19Z,2028-09-27T10:43:21Z
subdomain,www.familyfulf.ill.com,13.248.169.48,ns1.namefind.com,,,1995-04-20T04:00:00Z,2023-05-17T06:23:13Z,2027-04-21T04:00:00Z
*original,www.familyfulfill.com,185.20.205.54,,,,2022-10-17T13:16:59Z,2023-10-02T11:42:04Z,2024-10-17T13:16:59Z
bitsquatting,www.fatvibe.com,13.248.169.48,ns5.afternic.com,,,2021-03-13T19:14:39Z,2023-10-13T17:15:52Z,2024-03-13T19:14:39Z
subdomain,www.ferti.lehope.com,3.64.163.50,ns1.dan.com,,,2011-07-05T05:18:17Z,2023-07-01T04:26:42Z,2024-07-05T05:18:17Z
subdomain,www.fertil.ehope.com,104.247.81.52,mail.h-email.net,ns1.parkingcrew.net,,1997-11-19T05:00:00Z,2019-02-03T04:22:02Z,2024-11-18T05:00:00Z
replacement,www.fertilehome.com,15.197.148.33,ns73.domaincontrol.com,,,2023-08-12T22:08:32Z,2023-08-12T22:08:32Z,2025-08-12T22:08:32Z
*original,www.fertilehope.com,64.37.120.101,,,,2001-09-07T20:36:39Z,2023-09-08T17:46:41Z,2024-09-07T20:36:39Z
addition,www.fertilehopes.com,15.197.148.33,mailstore1.secureserver.net,ns27.domaincontrol.com,,2007-12-01T04:33:02Z,2022-12-01T17:42:37Z,2023-12-01T04:33:02Z
bitsquatting,www.fidvibe.com,103.247.8.73,2001:df0:27b:2::7:41d5,fidvibe.com,ns1.rumahweb.com,2023-07-25T03:55:28Z,2023-07-25T03:55:48Z,2024-07-25T03:55:28Z
replacement,www.figvibe.com,15.197.148.33,ns41.domaincontrol.com,,,2019-12-27T19:52:06Z,2022-10-28T16:04:38Z,2023-12-27T19:52:06Z
bitsquatting,www.fitfibe.com,46.235.42.56,2a00:d640:d640:9999::2eeb:2a38,mx-in-1.webreus.nl,ns10.webreus.net,2020-10-11T21:42:10Z,2023-10-12T07:41:39Z,2024-10-11T21:42:10Z
omission,www.fitibe.com,89.221.213.32,,,,2020-11-04T08:36:20Z,2023-10-21T13:41:31Z,2024-11-04T08:36:20Z
insertion,www.fitrvibe.com,15.197.148.33,ns05.domaincontrol.com,,,2023-03-13T17:29:55Z,2023-03-13T17:29:55Z,2024-03-13T17:29:55Z
repetition,www.fittvibe.com,66.198.240.25,mail.fittvibe.com,ns1.supercp.com,,2023-02-26T08:04:51Z,2023-02-26T08:07:32Z,2024-02-26T08:04:51Z
subdomain,www.fitv.ibe.com,13.248.169.48,ns1.namefind.com,,,1996-01-17T05:00:00Z,2023-08-31T13:01:46Z,2025-01-18T05:00:00Z
omission,www.fitvib.com,13.248.169.48,ns3.afternic.com,,,2022-02-28T19:16:25Z,2023-06-07T16:10:37Z,2024-02-28T19:16:25Z
*original,www.fitvibe.com,212.178.198.70,,,,2002-12-28T02:38:26Z,2022-12-28T04:24:56Z,2023-12-28T02:38:26Z
hyphenation,www.fit-vibe.com,208.109.61.111,alt1.aspmx.l.google.com,ns49.domaincontrol.com,,2022-04-05T12:02:52Z,2022-10-01T00:50:40Z,2024-04-05T12:02:52Z
addition,www.fitvibe0.com,137.184.83.255,,,,2023-06-26T02:43:43Z,2023-06-26T02:45:09Z,2024-06-26T02:43:43Z
addition,www.fitvibee.com,23.227.38.74,,,,2023-07-13T18:34:36Z,2023-07-13T18:34:59Z,2024-07-13T18:34:36Z
addition,www.fitvibes.com,15.197.148.33,mailstore1.secureserver.net,ns67.domaincontrol.com,,2005-10-08T21:19:08Z,2023-09-01T15:22:13Z,2024-10-08T21:19:08Z
addition,www.fitvibez.com,52.71.57.184,nsg1.namebrightdns.com,,,2022-05-11T18:30:39Z,2023-04-23T18:46:42Z,2024-05-11T18:30:39Z
replacement,www.fitvibs.com,23.227.38.74,,,,2023-09-11T14:06:27Z,2023-09-11T14:06:29Z,2024-09-11T14:06:27Z
bitsquatting,www.fitvice.com,3.64.163.50,ns1.dan.com,,,2016-05-15T17:17:43Z,2023-08-29T11:32:50Z,2024-05-15T17:17:43Z
omission,www.fitvie.com,18.119.154.66,nsg1.namebrightdns.com,,,2017-04-01T21:13:43Z,2023-04-02T14:31:37Z,2024-04-01T21:13:43Z
replacement,www.fitvine.com,15.197.204.56,ns01.cashparking.com,,,2007-07-08T04:47:44Z,2023-03-17T21:02:29Z,2024-07-08T04:47:44Z
replacement,www.fitvive.com,52.20.84.62,mx1-forward.squadhelp.com,ns1.squadhelp.com,,2019-11-10T19:43:22Z,2023-04-05T20:57:29Z,2024-11-10T19:43:22Z
bitsquatting,www.fitvybe.com,15.197.148.33,mailstore1.secureserver.net,ns31.domaincontrol.com,,2014-03-17T22:22:32Z,2023-03-18T16:39:00Z,2024-03-17T22:22:32Z
omission,www.fivibe.com,52.58.78.16,,,,2021-07-03T18:27:05Z,2023-08-04T11:12:48Z,2024-07-03T18:27:05Z
subdomain,www.foo.tvital.com,13.248.169.48,ns1.namefind.com,,,2017-04-25T20:32:41Z,2023-05-01T15:01:26Z,2024-04-25T20:32:41Z
bitsquatting,www.foodvital.com,52.20.84.62,mx1-forward.squadhelp.com,ns1.squadhelp.com,,2017-01-14T12:09:08Z,2023-08-29T14:01:24Z,2025-01-14T12:09:08Z
subdomain,www.footv.ital.com,35.82.156.63,2600:1f14:ea2:fa00:e21b:246a:4174:fd83,,,2000-10-31T11:33:42Z,2023-09-27T14:10:06Z,2024-10-31T10:33:42Z
addition,www.footvitals.com,70.32.88.3,ns03.domaincontrol.com,,,2012-11-05T21:53:53Z,2022-11-06T17:25:57Z,2027-11-05T21:53:53Z
omission,www.foovital.com,91.195.240.19,,,,2023-08-02T10:01:52Z,2023-08-02T10:01:54Z,2024-08-02T10:01:52Z
omission,www.ftvibe.com,34.149.87.45,,,,2023-04-04T07:19:14Z,2023-04-04T07:19:17Z,2024-04-04T07:19:14Z
subdomain,www.g.astrovital.com,66.45.246.141,,,,2007-04-21T00:24:24Z,2023-04-21T07:49:14Z,2024-04-21T00:24:24Z
subdomain,www.gastrov.ital.com,35.82.156.63,2600:1f14:ea2:fa00:e21b:246a:4174:fd83,,,2000-10-31T11:33:42Z,2023-09-27T14:10:06Z,2024-10-31T10:33:42Z
replacement,www.gastroviral.com,217.160.0.82,2001:8d8:100f:f000::288,,,2021-04-27T21:05:26Z,2023-04-28T07:41:01Z,2024-04-27T21:05:26Z
omission,www.gastrovita.com,5.22.145.121,2a00:18e0:5:2:7577:4e4d:413b:f507,,,2002-06-07T11:52:52Z,2023-06-13T12:14:58Z,2025-06-07T11:52:52Z
*original,www.gastrovital.com,198.185.159.144,,,,2011-05-30T09:09:14Z,2023-05-01T06:05:38Z,2024-05-30T09:09:14Z
addition,www.gastrovitals.com,91.195.240.19,,,,2015-11-29T01:36:44Z,2022-12-25T05:57:42Z,2023-11-29T01:36:44Z
subdomain,www.ge.noinsight.com,38.239.79.57,,,,2022-11-02T05:24:00Z,2023-11-02T05:32:09Z,2023-11-02T05:24:00Z
subdomain,www.ge.ripsych.com,208.91.197.27,,,,2021-11-12T00:15:20Z,2023-09-13T06:38:32Z,2024-11-12T00:15:20Z
subdomain,www.ge.riwell.com,104.247.81.52,mail.h-email.net,ns1.parkingcrew.net,,2016-08-30T18:31:52Z,2023-07-05T09:56:47Z,2024-08-30T18:31:52Z
replacement,www.gearwell.com,15.197.148.33,barracuda.ecxsystems.com,ns27.domaincontrol.com,,2005-02-11T06:45:51Z,2022-11-17T00:31:39Z,2025-02-22T11:59:59Z
subdomain,www.gen.oinsight.com,13.248.169.48,ns1.namefind.com,,,2017-08-28T10:29:21Z,2023-02-15T18:49:54Z,2024-08-28T10:29:21Z
vowel-swap,www.geneinsight.com,3.130.204.160,nsg1.namebrightdns.com,,,2005-11-28T15:39:58Z,2023-04-24T05:10:14Z,2023-11-28T15:39:58Z
omission,www.geninsight.com,15.197.142.173,geninsight-com.mail.protection.outlook.com,ns03.domaincontrol.com,,2021-10-14T22:21:14Z,2022-10-11T07:23:47Z,2024-10-14T22:21:14Z
subdomain,www.genoin.sight.com,192.64.119.254,,,,1997-10-24T04:00:00Z,2022-08-31T22:46:29Z,2030-10-23T04:00:00Z
subdomain,www.genoinsig.ht.com,64.99.64.37,,,,1993-06-22T04:00:00Z,2023-01-15T12:31:59Z,2032-06-21T04:00:00Z
*original,www.genoinsight.com,192.0.78.24,ns1.wordpress.com,,,2023-02-26T10:37:25Z,2023-02-26T16:47:15Z,2024-02-26T10:37:25Z
vowel-swap,www.genuinsight.com,199.34.228.50,,,,2016-07-14T18:22:21Z,2022-07-01T20:39:27Z,2024-07-14T18:22:21Z
omission,www.geoinsight.com,199.60.103.228,2606:2c40::c73c:671c,,,1999-12-04T07:47:52Z,2023-02-09T23:04:34Z,2029-12-04T07:47:52Z
bitsquatting,www.gerawell.com,23.238.163.147,,,,2009-07-17T06:25:13Z,2023-06-18T12:28:32Z,2026-07-17T06:25:13Z
subdomain,www.geri.psych.com,64.98.135.6,,,,1995-03-21T05:00:00Z,2021-06-25T14:31:25Z,2031-03-22T04:00:00Z
*original,www.geripsych.com,208.91.197.27,,,,1997-12-31T05:00:00Z,2017-02-17T15:08:53Z,2026-12-30T05:00:00Z
hyphenation,www.geri-psych.com,208.91.197.27,,,,2014-07-30T14:29:48Z,2017-02-17T15:08:53Z,2026-07-30T14:29:48Z
*original,www.geriwell.com,18.233.251.213,,,,2016-04-22T03:08:08Z,2023-05-15T17:32:14Z,2024-04-22T03:08:08Z
hyphenation,www.geri-well.com,198.185.159.144,,,,2021-09-03T14:04:50Z,2023-08-19T16:13:11Z,2024-09-03T14:04:50Z
replacement,www.geropsych.com,3.94.41.167,nsg1.namebrightdns.com,,,2000-07-02T23:07:00Z,2023-04-22T16:20:05Z,2025-07-02T23:06:59Z
omission,www.gerwell.com,87.230.63.190,2a01:488:42:1000:57e6:3fbe:40:cd8c,,,2005-07-24T18:59:12Z,2023-07-23T11:07:19Z,2024-07-24T18:59:12Z
bitsquatting,www.gerywell.com,173.201.191.4,ns41.domaincontrol.com,,,2022-03-29T19:03:51Z,2023-04-02T18:25:24Z,2024-03-29T19:03:51Z
omission,www.goldenears.com,84.16.88.2,2001:1600:cafe:4444:0:2::,,,2003-10-09T18:19:00Z,2023-10-10T15:07:43Z,2024-10-09T18:19:00Z
replacement,www.goldengears.com,207.148.248.143,,,,2003-11-25T19:12:09Z,2023-10-24T06:57:15Z,2024-11-25T19:12:09Z
replacement,www.goldentears.com,18.233.251.213,,,,2011-09-03T18:42:09Z,2023-09-20T00:02:23Z,2024-09-03T18:42:09Z
subdomain,www.goldeny.ears.com,205.178.189.129,,,,1995-04-06T04:00:00Z,2023-02-06T08:22:23Z,2026-04-07T04:00:00Z
omission,www.goldenyear.com,3.64.163.50,ns1.dan.com,,,2014-03-13T18:21:03Z,2023-02-17T05:20:47Z,2024-03-13T18:21:03Z
hyphenation,www.golden-years.com,13.248.169.48,ns1.namefind.com,,,2001-07-12T10:57:14Z,2023-06-22T10:01:22Z,2024-07-12T10:57:14Z
addition,www.goldenyears4.com,15.197.148.33,goldenyears4-com.mail.protection.outlook.com,ns21.domaincontrol.com,,2008-01-02T19:05:55Z,2022-09-12T07:52:09Z,2025-01-02T19:05:55Z
omission,www.goldenyers.com,23.227.38.74,,,,2023-08-12T08:31:18Z,2023-08-12T08:31:19Z,2024-08-12T08:31:18Z
homoglyph,www.golderyears.com,160.153.0.85,golderyears-com.mail.protection.outlook.com,ns49.domaincontrol.com,,2023-03-17T16:43:08Z,2023-03-17T16:43:09Z,2024-03-17T16:43:08Z
vowel-swap,www.goldinyears.com,15.197.142.173,mailstore1.secureserver.net,ns37.domaincontrol.com,,2014-06-13T06:28:34Z,2023-06-14T17:28:26Z,2024-06-13T06:28:34Z
omission,www.goldnyears.com,198.185.159.144,,,,2021-03-21T20:05:20Z,2023-03-13T23:12:59Z,2025-03-21T20:05:20Z
subdomain,www.grace.fulend.com,3.18.7.81,nsg1.namebrightdns.com,,,2022-11-11T19:07:59Z,2023-04-24T10:53:53Z,2023-11-11T19:07:59Z
omission,www.gracefuled.com,162.214.129.144,,,,2014-01-27T00:04:23Z,2023-01-12T03:35:39Z,2026-01-27T00:04:23Z
bitsquatting,www.habconnect.com,85.233.160.215,,,,2023-09-28T23:32:03Z,2023-10-12T15:01:05Z,2024-09-28T23:32:03Z
omission,www.harwell.com,216.40.34.37,,,,1996-06-03T04:00:00Z,2023-05-04T04:37:39Z,2024-06-02T04:00:00Z
subdomain,www.hea.rwell.com,104.247.82.52,mail.h-email.net,ns1.parkingcrew.net,,2012-09-24T18:27:04Z,2023-09-09T01:10:29Z,2024-09-24T18:27:04Z
subdomain,www.heal.thride.com,103.224.182.253,park-mx.above.com,ns1.abovedomains.com,,2023-10-10T18:31:24Z,2023-10-16T10:18:24Z,2024-10-10T18:31:24Z
subdomain,www.healt.hride.com,52.71.57.184,nsg1.namebrightdns.com,,,2015-07-12T18:31:31Z,2023-04-19T09:50:28Z,2025-07-12T18:31:31Z
subdomain,www.health.ybite.com,3.130.204.160,nsg1.namebrightdns.com,,,2016-11-04T18:44:12Z,2023-04-19T21:51:27Z,2024-11-04T18:44:12Z
insertion,www.healthbride.com,91.195.240.19,,,,2022-12-20T12:21:52Z,2023-08-24T11:15:43Z,2023-12-20T12:21:52Z
insertion,www.healthescripts.com,15.197.148.33,mailstore1.secureserver.net,ns01.domaincontrol.com,,2013-07-28T18:55:44Z,2023-07-29T17:33:43Z,2024-07-28T18:55:44Z
bitsquatting,www.healthibite.com,104.21.31.217,2606:4700:3031::ac43:b401,,,2022-12-02T15:48:04Z,2022-12-08T12:49:24Z,2023-12-02T15:48:04Z
omission,www.healthide.com,91.195.240.12,,,,2021-12-09T11:08:27Z,2022-12-10T08:17:33Z,2023-12-09T11:08:27Z
vowel-swap,www.healthrede.com,206.188.192.226,,,,2023-09-08T10:34:10Z,2023-09-08T10:35:13Z,2024-09-08T10:34:10Z
subdomain,www.healthri.de.com,54.153.56.183,,,,1990-07-19T04:00:00Z,2023-07-27T14:06:10Z,2031-07-18T04:00:00Z
replacement,www.healthrice.com,3.94.41.167,nsg1.namebrightdns.com,,,2011-02-15T19:31:22Z,2023-04-17T22:19:50Z,2024-02-15T19:31:22Z
omission,www.healthrid.com,18.119.154.66,nsg1.namebrightdns.com,,,2018-03-07T16:02:42Z,2023-04-21T17:57:18Z,2025-03-07T16:02:42Z
*original,www.healthride.com,15.197.148.33,alt1.aspmx.l.google.com,ns03.domaincontrol.com,,2006-11-17T17:07:12Z,2022-11-18T16:58:50Z,2023-11-17T17:07:12Z
hyphenation,www.health-ride.com,208.91.197.27,,,,2019-04-01T18:56:01Z,2023-01-31T07:30:18Z,2024-04-01T18:56:01Z
addition,www.healthrider.com,96.45.82.200,,,,1996-04-13T04:00:00Z,2023-04-10T05:05:45Z,2024-04-14T04:00:00Z
addition,www.healthrides.com,13.248.169.48,ns3.afternic.com,,,2014-09-19T03:26:09Z,2023-08-24T20:21:58Z,2024-09-19T03:26:09Z
replacement,www.healthrise.com,74.208.236.123,2607:f1c0:100f:f000::200,,,2007-02-17T08:42:05Z,2022-09-16T09:26:20Z,2024-02-17T08:42:05Z
bitsquatting,www.healthryde.com,15.197.142.173,ns55.domaincontrol.com,,,2017-03-30T21:06:45Z,2023-03-31T14:31:56Z,2024-03-30T21:06:45Z
subdomain,www.healths.cripts.com,13.248.169.48,ns1.namefind.com,,,2002-01-10T05:35:26Z,2022-12-21T10:01:03Z,2024-01-10T05:35:26Z
omission,www.healthscript.com,13.248.169.48,ns3.afternic.com,,,2005-05-22T18:08:04Z,2023-05-23T11:47:39Z,2024-05-22T18:08:04Z
*original,www.healthscripts.com,141.193.213.10,healthscripts-com.mail.protection.outlook.com,ns63.domaincontrol.com,,2005-11-24T10:41:29Z,2022-11-23T13:42:06Z,2023-11-24T10:41:29Z
hyphenation,www.health-scripts.com,15.197.142.173,ns27.domaincontrol.com,,,2011-02-07T04:16:09Z,2023-01-24T17:39:38Z,2025-02-07T04:16:09Z
bitsquatting,www.healthside.com,15.197.148.33,ns49.domaincontrol.com,,,2005-02-27T19:27:23Z,2023-10-05T18:54:11Z,2025-02-27T19:27:23Z
bitsquatting,www.healthvide.com,67.227.167.12,healthvide.com,ns1201.insty.me,,2018-12-23T10:57:45Z,2022-11-23T06:00:52Z,2023-12-23T10:57:45Z
omission,www.healthybit.com,15.197.148.33,mx1-us1.ppe-hosted.com,ns43.domaincontrol.com,,2009-02-03T02:54:58Z,2022-10-01T23:17:48Z,2024-02-03T02:54:58Z
*original,www.healthybite.com,52.20.84.62,mx1-forward.squadhelp.com,ns1.squadhelp.com,,2007-07-22T18:11:10Z,2023-07-15T13:53:57Z,2024-07-22T18:11:10Z
hyphenation,www.healthy-bite.com,104.21.38.106,2606:4700:3032::6815:266a,,,2022-10-16T15:32:09Z,2023-10-17T11:20:09Z,2024-10-16T15:32:09Z
addition,www.healthybites.com,34.98.99.30,ns21.domaincontrol.com,,,1999-03-15T05:00:00Z,2023-03-26T14:33:22Z,2024-03-15T04:00:00Z
addition,www.healthybitez.com,23.227.38.74,,,,2019-09-16T17:35:48Z,2023-09-17T18:08:03Z,2024-09-16T17:35:48Z
replacement,www.healthybitz.com,207.148.248.143,,,,2015-04-08T18:13:54Z,2023-04-09T07:29:52Z,2024-04-08T18:13:54Z
bitsquatting,www.healthybyte.com,216.250.121.3,,,,2000-01-10T21:16:40Z,2023-01-11T08:37:30Z,2024-01-10T21:16:40Z
replacement,www.healthynite.com,79.141.160.2,healthynite.com,ns1.swiftydns.com,,2023-03-02T19:47:46Z,2023-03-02T19:47:48Z,2024-03-02T19:47:46Z
insertion,www.healthyride.com,207.148.248.143,,,,2007-03-07T09:12:40Z,2023-03-08T08:08:34Z,2024-03-07T09:12:40Z
bitsquatting,www.healthyrite.com,18.119.154.66,nsg1.namebrightdns.com,,,2018-10-28T18:09:11Z,2022-08-30T17:57:48Z,2025-10-28T18:09:11Z
insertion,www.healthyscripts.com,3.18.7.81,nsg1.namebrightdns.com,,,2014-10-09T18:38:35Z,2023-04-18T04:37:53Z,2024-10-09T18:38:35Z
replacement,www.healthyvite.com,15.197.148.33,mailstore1.secureserver.net,ns11.domaincontrol.com,,2010-07-03T05:54:03Z,2023-07-04T18:31:15Z,2024-07-03T05:54:03Z
omission,www.healtybite.com,52.60.87.163,,,,2019-02-26T14:41:13Z,2019-02-26T14:41:14Z,2029-02-26T14:41:13Z
subdomain,www.healwell.wounds.com,104.247.82.50,mail.h-email.net,ns1.parkingspa.com,,1996-12-17T05:00:00Z,2022-12-17T08:01:46Z,2023-12-16T05:00:00Z
subdomain,www.healwellw.ounds.com,3.130.204.160,nsg1.namebrightdns.com,,,2017-07-19T18:51:06Z,2023-04-20T07:55:56Z,2025-07-19T18:51:06Z
subdomain,www.healwellwo.unds.com,13.248.169.48,ns5.afternic.com,,,2004-01-19T19:12:19Z,2022-09-01T23:53:41Z,2026-01-19T19:12:19Z
bitsquatting,www.heapwell.com,23.227.38.74,,,,2016-09-09T22:51:38Z,2023-09-10T16:56:55Z,2025-09-09T22:51:38Z
insertion,www.heardwell.com,208.109.40.231,heardwell-com.mail.protection.outlook.com,ns31.domaincontrol.com,,2015-06-16T17:38:06Z,2023-06-17T12:16:20Z,2024-06-16T17:38:06Z
insertion,www.hearswell.com,192.138.16.80,hearswell.com,ns100.ragesw.com,,2011-08-11T20:05:26Z,2023-06-07T10:09:01Z,2024-08-11T20:05:26Z
insertion,www.heartwell.com,198.160.135.9,heartwell-com.mail.eo.outlook.com,foghorn.baptisthealth.net,,1996-11-22T05:00:00Z,2023-06-14T14:06:41Z,2024-09-11T11:59:59Z
omission,www.hearwel.com,15.197.148.33,ns27.domaincontrol.com,,,2022-12-27T01:02:51Z,2022-12-27T01:02:51Z,2025-12-27T01:02:51Z
*original,www.hearwell.com,44.226.124.146,,,,2001-04-12T21:34:13Z,2023-05-02T21:21:38Z,2024-04-12T21:34:13Z
hyphenation,www.hear-well.com,34.149.87.45,,,,2013-06-29T19:20:13Z,2023-04-30T07:07:11Z,2024-06-29T19:20:13Z
addition,www.hearwell1.com,192.169.154.211,,,,2013-07-23T18:31:09Z,2023-07-19T05:13:25Z,2024-07-23T18:31:09Z
replacement,www.heatwell.com,108.177.122.121,2607:f8b0:4023:1006::79,,,1999-06-22T04:32:01Z,2020-05-03T00:09:49Z,2029-06-22T04:31:14Z
transposition,www.herawell.com,162.241.30.48,alt1.aspmx.l.google.com,ns1.bluehost.com,,2022-01-10T13:54:07Z,2022-01-10T13:54:07Z,2024-01-10T13:54:07Z
omission,www.herwell.com,64.187.239.229,,,,2021-05-25T18:04:58Z,2023-05-26T08:59:44Z,2024-05-25T18:04:58Z
subdomain,www.ho.pecure.com,3.98.204.93,mx1.ewebdevelopment.com,ns1.power-dns.com,,2010-09-14T18:56:24Z,2023-07-25T08:03:23Z,2025-09-14T18:56:24Z
replacement,www.homecure.com,3.64.163.50,ns1.dan.com,,,1996-11-13T05:00:00Z,2023-08-13T03:30:37Z,2025-11-12T05:00:00Z
subdomain,www.homew.ellcare.com,107.23.227.252,nsg1.namebrightdns.com,,,2017-01-13T19:37:45Z,2023-04-20T00:08:42Z,2025-01-13T19:37:45Z
subdomain,www.homewe.llcare.com,64.190.63.111,localhost,ns1.sedoparking.com,,2001-10-23T19:40:11Z,2022-09-21T09:35:27Z,2024-10-23T19:40:11Z
subdomain,www.homewel.lcare.com,75.126.104.246,,,,1995-12-13T05:00:00Z,2022-12-11T23:40:27Z,2023-12-12T05:00:00Z
*original,www.homewellcare.com,13.248.169.48,ns1.namefind.com,,,2016-05-01T18:31:56Z,2023-06-29T20:37:32Z,2024-05-01T18:31:56Z
addition,www.homewellcares.com,198.71.233.156,,,,2004-09-02T02:01:08Z,2023-07-03T06:31:15Z,2024-09-02T02:01:08Z
omission,www.hopcure.com,52.20.84.62,mx1-forward.squadhelp.com,ns1.squadhelp.com,,2023-07-11T20:46:30Z,2023-07-12T19:40:58Z,2024-07-11T20:46:30Z
insertion,www.hope4cure.com,182.50.151.83,aliaih-com.mail.protection.outlook.com,ns57.domaincontrol.com,,2007-07-15T05:38:57Z,2023-10-22T11:13:47Z,2025-07-15T05:38:57Z
vowel-swap,www.hopecare.com,34.98.99.30,ns29.domaincontrol.com,,,2004-01-26T19:14:46Z,2023-02-07T11:16:18Z,2024-01-26T19:14:46Z
vowel-swap,www.hopecore.com,3.18.7.81,nsg1.namebrightdns.com,,,2006-12-03T01:11:02Z,2023-04-20T12:49:20Z,2025-12-03T01:11:02Z
bitsquatting,www.hopecube.com,18.119.154.66,nsg1.namebrightdns.com,,,2006-11-27T04:33:48Z,2023-04-20T12:31:33Z,2024-11-27T04:33:48Z
omission,www.hopecur.com,23.82.255.16,,,,2022-08-06T18:06:35Z,2023-08-06T23:24:46Z,2024-08-06T18:06:35Z
bitsquatting,www.hopecura.com,15.197.148.33,ns15.domaincontrol.com,,,2018-05-04T01:40:51Z,2023-05-04T12:03:34Z,2028-05-04T01:40:51Z
*original,www.hopecure.com,207.148.248.143,,,,2013-08-25T18:29:44Z,2023-08-26T07:30:26Z,2024-08-25T18:29:44Z
bitsquatting,www.hopesure.com,18.119.154.66,nsg1.namebrightdns.com,,,2020-07-15T18:02:10Z,2023-04-22T03:34:40Z,2025-07-15T18:02:10Z
replacement,www.hopewellcare.com,70.32.23.7,hopewellcare-com.mail.protection.outlook.com,ns13.domaincontrol.com,,2008-11-03T14:38:18Z,2022-09-06T01:01:13Z,2025-11-03T14:38:18Z
bitsquatting,www.hungwell.com,206.188.192.76,,,,2012-09-15T18:39:33Z,2023-09-16T18:34:19Z,2024-09-15T18:39:33Z
homoglyph,www.iabconnect.com,3.130.204.160,nsg1.namebrightdns.com,,,2023-07-17T18:23:00Z,2023-07-18T20:37:51Z,2024-07-17T18:23:00Z
bitsquatting,www.iedtech.com,169.62.169.234,alt2.aspmx.l.google.com,ns75.domaincontrol.com,,2002-03-24T00:28:35Z,2022-09-06T20:52:45Z,2028-03-23T23:28:35Z
subdomain,www.im.plantdent.com,175.126.123.156,kr1-aspmx1.worksmobile.com,cns1.simplexi.com,,2005-12-02T14:25:05Z,2023-09-04T05:26:51Z,2024-12-02T14:25:05Z
subdomain,www.implan.tdent.com,13.248.169.48,ns1.namefind.com,,,2012-07-21T18:04:49Z,2023-05-24T15:05:36Z,2024-07-21T18:04:49Z
omission,www.implandent.com,69.49.115.40,,,,2005-10-22T04:00:58Z,2023-09-22T11:37:21Z,2024-10-22T04:00:58Z
subdomain,www.implant.dent.com,13.248.169.48,ns3.afternic.com,,,1997-06-26T04:00:00Z,2023-05-31T02:31:55Z,2032-06-25T04:00:00Z
*original,www.implantdent.com,66.45.246.141,,,,2004-11-10T19:16:12Z,2022-11-11T08:43:48Z,2023-11-10T19:16:12Z
hyphenation,www.implant-dent.com,3.94.41.167,nsg1.namebrightdns.com,,,2017-08-11T18:36:56Z,2023-04-20T09:18:19Z,2024-08-11T18:36:56Z
insertion,www.implantsdent.com,3.130.204.160,nsg1.namebrightdns.com,,,2018-09-30T18:16:07Z,2022-08-27T12:34:07Z,2024-09-30T18:16:07Z
vowel-swap,www.indocare.com,103.145.226.85,mail1.indocare.com,ns1.dewaweb.com,,2000-11-23T05:18:26Z,2023-08-16T09:30:29Z,2025-11-23T05:18:23Z
subdomain,www.infe.cguard.com,78.142.231.22,,,,1998-12-17T05:00:00Z,2022-12-13T11:29:47Z,2030-12-17T05:00:00Z
insertion,www.infectguard.com,13.248.169.48,ns5.afternic.com,,,2021-07-09T18:35:33Z,2023-07-06T04:58:44Z,2024-07-09T18:35:33Z
homoglyph,www.inplantdent.com,183.111.161.238,bn64-041.cafe24.com,ns1.cafe24dns.co.kr,,2015-02-26T09:35:05Z,2023-02-15T09:40:03Z,2024-02-26T09:35:05Z
replacement,www.iptivision.com,23.227.38.74,,,,2022-12-16T01:04:34Z,2023-02-01T17:29:48Z,2023-12-16T01:04:34Z
omission,www.itvibe.com,199.59.243.225,,,,2003-03-28T18:40:10Z,2023-03-29T09:33:26Z,2024-03-28T17:40:10Z
replacement,www.jedtech.com,142.54.202.96,,,,1995-05-05T04:00:00Z,2020-03-07T07:56:37Z,2025-05-06T04:00:00Z
replacement,www.kabconnect.com,94.46.13.176,kabconnect-com.mail.protection.outlook.com,ns6.webcomum.com,,2020-01-08T16:15:16Z,2022-12-12T20:06:54Z,2024-01-08T16:15:16Z
replacement,www.kedtech.com,13.248.169.48,ns3.afternic.com,,,2015-05-16T18:28:52Z,2023-04-26T13:41:50Z,2024-05-16T18:28:52Z
omission,www.kimberlyclark.com,205.203.71.250,cosmin.ns.cloudflare.com,,,1998-01-12T05:00:00Z,2023-01-07T06:09:02Z,2024-01-11T05:00:00Z
*original,www.kimberly-clark.com,104.16.195.53,2606:4700::6810:c335,,,1996-03-04T05:00:00Z,2023-03-01T06:10:21Z,2024-03-05T05:00:00Z
addition,www.kimberly-clarke.com,104.21.71.35,2606:4700:3030::6815:4723,,,2017-07-13T21:20:40Z,2023-06-13T13:48:24Z,2024-07-13T21:20:40Z
bitsquatting,www.kimberly-klark.com,160.153.0.178,mailstore1.secureserver.net,ns57.domaincontrol.com,,2014-09-16T14:31:25Z,2022-10-05T15:51:45Z,2024-09-16T14:31:25Z
replacement,www.kindbalance.com,18.119.154.66,nsg1.namebrightdns.com,,,2023-04-14T18:06:44Z,2023-04-24T19:24:06Z,2024-04-14T18:06:44Z
omission,www.kinvibe.com,166.88.24.120,,,,2023-04-19T13:56:03Z,2023-04-19T13:56:05Z,2024-04-19T13:56:03Z
bitsquatting,www.kleansweep.com,207.148.248.143,,,,2013-12-27T19:31:12Z,2022-12-28T08:25:57Z,2023-12-27T19:31:12Z
bitsquatting,www.klimatecomfort.com,66.96.162.138,,,,2019-01-05T22:54:33Z,2022-12-21T16:27:12Z,2024-01-05T22:54:33Z
subdomain,www.lab.connect.com,104.18.39.99,2606:4700:4400::6812:2763,,,1999-04-21T04:00:00Z,2022-04-14T21:46:34Z,2026-04-21T04:00:00Z
subdomain,www.labc.onnect.com,162.210.196.171,,,,2004-07-07T04:33:23Z,2023-09-02T02:25:13Z,2028-07-07T04:33:23Z
vowel-swap,www.labcannect.com,15.197.148.33,ns17.domaincontrol.com,,,2020-01-21T00:44:16Z,2023-01-21T18:02:01Z,2024-01-21T00:44:16Z
subdomain,www.labco.nnect.com,121.254.178.253,,,,2004-08-11T01:45:22Z,2023-06-14T01:33:00Z,2024-08-11T01:45:22Z
omission,www.labconect.com,34.205.242.146,nsg1.namebrightdns.com,,,2021-08-13T18:21:01Z,2023-04-22T20:51:59Z,2024-08-13T18:21:01Z
omission,www.labconnec.com,199.59.243.225,,,,2023-10-23T19:57:56Z,2023-10-28T17:10:54Z,2024-10-23T19:57:56Z
*original,www.labconnect.com,35.239.44.108,,,,2005-01-05T19:23:05Z,2022-10-28T16:49:23Z,2025-01-05T19:23:05Z
hyphenation,www.lab-connect.com,81.169.145.78,2a01:238:20a:202:1078::,smtpin.rzone.de,docks14.rzone.de,2017-05-12T18:25:44Z,2023-07-22T20:59:26Z,2024-05-12T18:25:44Z
addition,www.labconnectd.com,15.197.148.33,ns19.domaincontrol.com,,,2022-09-29T17:00:17Z,2022-09-29T17:00:18Z,2024-09-29T17:00:17Z
addition,www.labconnectr.com,52.212.52.84,,,,2022-01-15T12:24:17Z,2022-01-28T15:11:38Z,2024-01-15T12:24:17Z
addition,www.labconnectx.com,15.197.204.56,ns01.cashparking.com,,,2012-06-04T22:23:02Z,2023-06-05T18:48:06Z,2024-06-04T22:23:02Z
bitsquatting,www.labkonnect.com,13.248.169.48,ns3.afternic.com,,,2012-02-18T13:54:07Z,2023-04-07T17:34:48Z,2024-02-18T13:54:07Z
bitsquatting,www.lacconnect.com,3.94.41.167,nsg1.namebrightdns.com,,,2023-10-20T18:05:44Z,2023-10-21T20:32:24Z,2024-10-20T18:05:44Z
omission,www.laconnect.com,207.148.248.143,,,,2003-05-02T18:08:52Z,2023-05-03T07:25:35Z,2024-05-02T18:08:52Z
homoglyph,www.ladconnect.com,67.227.144.242,mx28a.anti-spam-premium.com,ns4023.rs.controladordns.com,,2022-12-05T18:08:31Z,2022-12-06T16:32:49Z,2023-12-05T18:08:31Z
replacement,www.lanconnect.com,147.253.137.164,mail.lanconnect.com,ns1.centos-webpanel.com,,1995-11-10T05:00:00Z,2023-01-30T17:57:23Z,2024-11-09T05:00:00Z
vowel-swap,www.langwell.com,204.44.192.91,langwell.com,ns2031.websiteservername.com,,1995-10-28T04:00:00Z,2023-10-27T18:56:33Z,2024-10-27T04:00:00Z
bitsquatting,www.larconnect.com,52.71.57.184,ns1.namebrightdns.com,,,2017-06-08T18:17:40Z,2023-04-20T06:03:22Z,2024-06-08T18:17:40Z
replacement,www.lavconnect.com,15.197.148.33,ns77.domaincontrol.com,,,2018-02-28T15:02:34Z,2022-10-09T19:46:53Z,2024-02-28T15:02:34Z
transposition,www.lbaconnect.com,213.186.33.5,,,,2022-01-07T08:51:14Z,2023-01-01T03:59:22Z,2024-01-07T08:51:14Z
omission,www.lbconnect.com,3.98.114.25,46hltw2lz6psx6xkyt3ycxq6zh5olverpl4fofuiiplzqrbihz3q.mx-verification.google.com,ns03.domaincontrol.com,,2015-03-29T20:01:58Z,2023-02-02T17:10:53Z,2024-03-29T20:01:58Z
bitsquatting,www.lcbconnect.com,84.32.84.32,ns1.dns-parking.com,,,2023-09-12T03:39:50Z,2023-09-12T03:39:52Z,2026-09-12T03:39:50Z
omission,www.leansweep.com,104.21.30.67,2606:4700:3035::6815:1e43,,,2021-12-08T17:06:23Z,2022-10-08T00:00:49Z,2023-12-08T17:06:23Z
bitsquatting,www.ledequip.com,13.248.169.48,ns3.afternic.com,,,2014-06-10T17:53:20Z,2023-06-28T22:38:05Z,2024-06-10T17:53:20Z
bitsquatting,www.ledtech.com,205.178.189.131,,,,1997-11-18T05:00:00Z,2017-09-30T20:05:27Z,2025-11-17T05:00:00Z
subdomain,www.li.festart.com,13.248.169.48,ns1.namefind.com,,,2012-07-04T18:28:19Z,2023-07-11T23:08:20Z,2024-07-04T18:28:19Z
subdomain,www.lif.estart.com,3.64.163.50,ns1.dan.com,,,1997-09-01T04:00:00Z,2023-08-31T10:15:46Z,2024-08-31T04:00:00Z
subdomain,www.life.start.com,204.79.197.219,,,,1997-11-21T05:00:00Z,2023-10-21T23:25:45Z,2024-11-20T05:00:00Z
omission,www.lifesart.com,207.148.248.145,,,,2010-05-17T18:13:45Z,2023-04-18T04:30:13Z,2024-05-17T18:13:45Z
omission,www.lifestar.com,192.252.146.10,,,,1995-11-10T05:00:00Z,2021-12-06T23:08:03Z,2024-11-09T05:00:00Z
replacement,www.lifestarr.com,199.60.103.228,2606:2c40::c73c:671c,,,2016-05-03T21:30:30Z,2023-05-04T11:03:13Z,2024-05-03T21:30:30Z
*original,www.lifestart.com,15.197.142.173,mailstore1.secureserver.net,ns63.domaincontrol.com,,1995-03-13T05:00:00Z,2023-01-02T11:28:46Z,2024-03-14T04:00:00Z
hyphenation,www.life-start.com,15.197.148.33,ns23.domaincontrol.com,,,2006-05-27T20:39:25Z,2023-05-28T11:24:27Z,2024-05-27T20:39:25Z
addition,www.lifestart2.com,204.11.56.37,ns1637.ztomy.com,,,2022-09-29T18:05:52Z,2023-10-02T07:55:39Z,2024-09-29T18:05:52Z
addition,www.lifestartw.com,192.252.144.61,,,,2016-06-13T09:23:08Z,2023-05-29T13:35:05Z,2024-06-13T09:23:08Z
addition,www.lifestartx.com,3.130.204.160,nsg1.namebrightdns.com,,,2019-11-05T19:06:32Z,2023-04-21T13:49:34Z,2025-11-05T19:06:32Z
replacement,www.lifestarz.com,104.164.2.28,,,,2023-05-11T18:10:47Z,2023-05-14T16:54:04Z,2024-05-11T18:10:47Z
omission,www.lifestat.com,173.255.194.134,mail.mailerhost.net,ns1.mytrafficmanagement.com,,2001-08-30T18:41:03Z,2023-08-09T14:08:46Z,2024-08-30T18:41:03Z
transposition,www.lifestrat.com,98.129.229.42,,,,2003-04-11T16:23:53Z,2023-09-26T00:10:46Z,2024-04-11T16:23:53Z
omission,www.lifetart.com,192.0.78.24,ns1.wordpress.com,,,2011-04-04T21:55:07Z,2023-03-04T10:39:54Z,2024-04-04T21:55:07Z
replacement,www.lingwell.com,198.54.114.144,alt1.aspmx.l.google.com,dns1.namecheaphosting.com,,2013-12-22T17:53:57Z,2022-11-22T07:00:53Z,2023-12-22T17:53:57Z
replacement,www.litestart.com,3.64.163.50,ns1.dan.com,,,2008-06-17T10:11:11Z,2023-06-18T07:15:39Z,2024-06-17T10:11:11Z
bitsquatting,www.livestart.com,3.209.115.164,,,,1999-06-13T18:56:41Z,2023-05-10T04:59:58Z,2024-06-13T18:57:19Z
vowel-swap,www.longwell.com,219.90.121.149,,,,1996-07-24T04:00:00Z,2022-09-13T23:46:00Z,2029-07-23T04:00:00Z
replacement,www.lsbconnect.com,52.71.57.184,nsg1.namebrightdns.com,,,2023-10-08T04:03:26Z,2023-10-08T04:03:26Z,2024-10-08T04:03:26Z
subdomain,www.lu.ngwell.com,3.94.41.167,nsg1.namebrightdns.com,,,2019-11-18T19:22:59Z,2023-04-21T14:17:45Z,2024-11-18T19:22:59Z
vowel-swap,www.lubconnect.com,18.232.147.51,ns43.domaincontrol.com,,,2018-09-20T13:20:02Z,2023-09-21T11:25:13Z,2025-09-20T13:20:02Z
subdomain,www.lun.gwell.com,64.190.63.111,localhost,ns1.sedoparking.com,,2006-03-06T19:04:57Z,2023-04-09T04:42:35Z,2024-03-06T19:04:57Z
*original,www.lungwell.com,15.197.148.33,ns29.domaincontrol.com,,,2023-07-21T21:52:11Z,2023-07-21T21:52:11Z,2024-07-21T21:52:11Z
omission,www.lunwell.com,93.89.226.17,mx,eu.dnsenable.com,,2019-03-25T09:39:10Z,2023-04-27T06:48:03Z,2024-03-25T09:39:10Z
subdomain,www.m.edequip.com,207.148.248.143,,,,2015-09-21T18:28:19Z,2023-09-22T07:30:17Z,2024-09-21T18:28:19Z
subdomain,www.m.edexplore.com,185.197.75.37,,,,2010-10-05T17:55:26Z,2023-09-06T13:12:07Z,2025-10-05T17:55:26Z
replacement,www.m3dtech.com,66.96.149.22,,,,1999-01-07T05:00:00Z,2023-02-11T19:27:06Z,2024-01-07T05:00:00Z
bitsquatting,www.mabconnect.com,3.128.221.203,2600:1f16:389:3100:20ef:8b14:2b57:72b3,,,2019-02-10T16:50:13Z,2022-08-28T15:26:17Z,2024-02-10T16:50:13Z
bitsquatting,www.madexplore.com,34.205.242.146,nsg1.namebrightdns.com,,,2021-03-15T18:22:24Z,2023-04-22T11:16:20Z,2024-03-15T18:22:24Z
bitsquatting,www.madtech.com,208.91.197.27,,,,1993-11-17T05:00:00Z,2022-09-17T05:53:00Z,2025-11-16T05:00:00Z
homoglyph,www.mcbtech.com,34.205.242.146,domain-for-sale.hugedomainsdns.com,,,2013-05-15T18:24:03Z,2023-04-18T14:10:34Z,2025-05-15T18:24:03Z
homoglyph,www.mccltech.com,198.185.159.144,,,,2021-11-06T18:00:13Z,2022-10-22T20:17:55Z,2023-11-06T18:00:13Z
homoglyph,www.mcdtech.com,3.130.204.160,nsg1.namebrightdns.com,,,1999-03-08T05:00:00Z,2023-04-25T00:06:10Z,2025-03-08T05:00:00Z
bitsquatting,www.mddtech.com,173.249.6.94,dns10.ovh.net,,,2020-08-03T22:25:14Z,2023-07-30T08:28:07Z,2024-08-03T22:25:14Z
transposition,www.mdetech.com,18.119.154.66,nsg1.namebrightdns.com,,,2018-10-09T18:12:18Z,2022-08-26T19:33:44Z,2024-10-09T18:12:18Z
omission,www.mdexplore.com,204.11.56.48,ns1626.ztomy.com,,,2023-05-29T18:22:25Z,2023-05-29T20:46:15Z,2024-05-29T18:22:25Z
omission,www.mdtech.com,141.193.213.20,,,,1995-12-06T05:00:00Z,2022-09-08T15:22:59Z,2025-12-05T05:00:00Z
subdomain,www.me.dequip.com,52.71.57.184,nsg1.namebrightdns.com,,,2001-03-05T21:35:12Z,2023-04-20T01:05:05Z,2025-03-05T21:35:12Z
subdomain,www.me.dtech.com,205.178.145.78,,,,1993-12-23T05:00:00Z,2022-10-23T06:02:01Z,2025-12-22T05:00:00Z
homoglyph,www.mebtech.com,64.190.63.111,localhost,ns1.sedoparking.com,,2004-01-25T19:32:20Z,2023-08-20T10:35:42Z,2027-01-25T19:32:20Z
homoglyph,www.mecitech.com,145.14.152.114,2a02:4780:a:761:0:1b60:4f26:2,mx1.titan.email,ns1.dns-parking.com,2020-10-07T14:30:21Z,2023-03-14T14:35:53Z,2024-10-07T14:30:21Z
replacement,www.mectech.com,74.220.193.96,,,,1999-02-09T05:00:00Z,2022-12-11T06:57:36Z,2024-02-09T05:00:00Z
subdomain,www.med.legaladvocates.com,199.59.243.225,,,,1998-01-02T05:00:00Z,2023-07-17T20:02:33Z,2029-01-01T05:00:00Z
homoglyph,www.med1tech.com,15.197.148.33,ns51.domaincontrol.com,,,2019-11-22T15:29:20Z,2022-11-23T12:05:37Z,2023-11-22T15:29:20Z
bitsquatting,www.medaquip.com,15.197.148.33,mailstore1.secureserver.net,ns27.domaincontrol.com,,2016-05-03T05:19:57Z,2023-05-04T18:30:44Z,2024-05-03T05:19:57Z
insertion,www.meddtech.com,18.119.154.66,nsg1.namebrightdns.com,,,2019-12-29T19:30:39Z,2023-04-21T15:58:11Z,2025-12-29T19:30:39Z
subdomain,www.mede.quip.com,35.165.230.98,2600:1f14:ca9:3500:d73:69a:e226:a2f2,,,1994-07-06T04:00:00Z,2023-06-01T02:43:25Z,2024-07-05T04:00:00Z
omission,www.medech.com,34.205.242.146,nsg1.namebrightdns.com,,,2013-02-16T19:29:07Z,2023-04-18T10:58:52Z,2025-02-16T19:29:07Z
subdomain,www.medequ.ip.com,96.45.82.10,,,,1998-07-27T04:00:00Z,2020-01-19T05:35:58Z,2025-06-16T04:23:28Z
omission,www.medequi.com,15.197.142.173,mailstore1.secureserver.net,ns51.domaincontrol.com,,2013-07-02T04:41:26Z,2023-07-02T11:48:48Z,2024-07-02T04:41:26Z
*original,www.medequip.com,159.203.124.37,medequip.com,ns4.corecommhosting.com,,1997-03-25T05:00:00Z,2023-01-25T07:55:40Z,2024-03-26T04:00:00Z
hyphenation,www.med-equip.com,3.130.204.160,nsg1.namebrightdns.com,,,2019-06-19T18:09:45Z,2023-04-21T08:47:31Z,2025-06-19T18:09:45Z
addition,www.medequipe.com,217.160.223.150,,,,2006-01-09T09:58:27Z,2023-01-10T08:09:23Z,2024-01-09T09:58:27Z
addition,www.medequips.com,64.190.63.111,localhost,ns1.sedoparking.com,,2010-01-16T07:21:53Z,2023-01-01T23:28:31Z,2024-01-16T07:21:53Z
addition,www.medequipt.com,15.197.148.33,medequipt-com.mail.protection.outlook.com,ns31.domaincontrol.com,,2009-08-17T22:56:19Z,2023-08-18T14:42:02Z,2024-08-17T22:56:19Z
bitsquatting,www.medequit.com,15.197.148.33,ns09.domaincontrol.com,,,2022-07-09T12:13:01Z,2023-07-10T20:34:24Z,2024-07-09T12:13:01Z
insertion,www.medetech.com,184.168.55.1,,,,2002-07-31T18:37:40Z,2020-07-31T18:59:37Z,2030-07-31T18:37:40Z
bitsquatting,www.medexplora.com,34.149.87.45,,,,2023-10-11T07:29:22Z,2023-10-11T07:29:23Z,2025-10-11T07:29:22Z
*original,www.medexplore.com,15.197.142.173,ns71.domaincontrol.com,,,2012-04-14T18:46:12Z,2022-09-14T00:25:40Z,2026-04-14T18:46:12Z
hyphenation,www.med-explore.com,142.250.138.121,2607:f8b0:4023:1006::79,,,2007-08-25T09:52:29Z,2022-09-04T14:30:32Z,2026-08-25T09:52:29Z
addition,www.medexplorer.com,184.68.222.51,mx1c11.megamailservers.com,ns57.domaincontrol.com,,1996-05-03T04:00:00Z,2023-05-04T13:15:19Z,2024-05-04T04:00:00Z
subdomain,www.medgu.ardinsurance.com,3.94.41.167,nsg1.namebrightdns.com,,,2018-02-19T19:24:11Z,2023-04-20T18:38:25Z,2024-02-19T19:24:11Z
subdomain,www.medgua.rdinsurance.com,3.130.204.160,nsg1.namebrightdns.com,,,2015-05-07T19:13:38Z,2023-04-19T08:48:39Z,2025-05-07T19:13:38Z
subdomain,www.medguardi.nsurance.com,173.255.194.134,mail.mailerhost.net,ns1.mytrafficmanagement.com,,2001-03-14T11:43:19Z,2023-04-13T15:04:31Z,2030-03-14T10:43:19Z
subdomain,www.medguardin.surance.com,15.197.204.56,ns1.smartname.com,,,2001-05-06T10:35:56Z,2023-06-30T04:41:37Z,2024-05-06T10:35:56Z
subdomain,www.medguardins.urance.com,104.247.82.171,ns1.parkingcrew.net,,,2004-11-28T00:49:40Z,2023-08-17T19:59:42Z,2024-03-27T03:59:59Z
subdomain,www.medguardinsuran.ce.com,104.247.81.51,mail.h-email.net,ns1.parkingcrew.net,,1995-02-26T05:00:00Z,2023-08-28T03:29:26Z,2030-02-27T05:00:00Z
homoglyph,www.mediequip.com,173.255.194.134,mail.mailerhost.net,ns1.mytrafficmanagement.com,,1998-09-19T04:00:00Z,2023-08-17T17:27:54Z,2025-09-18T04:00:00Z
replacement,www.medihealth.com,199.59.243.225,,,,1996-03-04T05:00:00Z,2023-05-03T19:46:13Z,2024-03-05T05:00:00Z
vowel-swap,www.mediquip.com,18.233.251.213,,,,1996-02-02T05:00:00Z,2023-02-27T16:40:20Z,2024-02-03T05:00:00Z
homoglyph,www.meditech.com,34.107.130.189,alt1.aspmx.l.google.com,pdns07.domaincontrol.com,,1992-04-21T04:00:00Z,2023-02-13T20:50:12Z,2027-04-22T04:00:00Z
vowel-swap,www.medixplore.com,198.54.117.242,failed-whois-verification.namecheap.com,,,2022-08-31T12:06:10Z,2022-09-15T12:10:36Z,2025-08-31T12:06:10Z
subdomain,www.medlegaladvo.cates.com,104.21.89.211,2606:4700:3035::ac43:935a,,,,,
homoglyph,www.medltech.com,18.119.154.66,nsg1.namebrightdns.com,,,2018-08-31T01:43:13Z,2023-04-22T04:10:27Z,2024-08-31T01:43:13Z
vowel-swap,www.medoquip.com,208.91.197.27,,,,2011-12-09T13:11:07Z,2023-10-10T07:17:57Z,2024-12-09T13:11:07Z
omission,www.medquip.com,108.163.247.67,,,,1999-03-02T05:00:00Z,2023-01-01T06:51:56Z,2024-03-02T05:00:00Z
replacement,www.medrech.com,159.69.173.189,mx.zoho.in,ns1.he.net,,2014-09-02T16:51:43Z,2023-08-31T06:38:54Z,2024-09-02T16:51:43Z
insertion,www.medstech.com,50.226.239.65,,,,1998-11-05T05:00:00Z,2021-11-12T23:07:37Z,2024-11-04T05:00:00Z
bitsquatting,www.medtach.com,199.34.228.78,medtach-com.mail.protection.outlook.com,ns1.hostpapa.com,,2013-04-05T20:26:57Z,2023-04-06T11:00:51Z,2028-04-05T20:26:57Z
homoglyph,www.medtec1.com,103.224.212.216,park-mx.above.com,ns1.abovedomains.com,,2023-03-30T18:29:17Z,2023-05-06T00:27:41Z,2024-03-30T18:29:17Z
*original,www.medtech.com,208.91.197.27,,,,1995-03-22T05:00:00Z,2023-03-12T19:00:19Z,2024-03-23T04:00:00Z
hyphenation,www.med-tech.com,92.205.15.237,cloud15.spamtitan.com,ns51.domaincontrol.com,,1996-11-07T05:00:00Z,2022-11-07T13:57:59Z,2023-11-06T05:00:00Z
addition,www.medtech1.com,104.21.63.134,2606:4700:3030::ac43:91c7,,,1999-10-15T23:04:11Z,2023-10-22T05:10:10Z,2024-10-15T23:04:11Z
addition,www.medtech3.com,198.185.159.144,,,,2021-08-24T16:31:17Z,2023-08-25T14:43:05Z,2024-08-24T16:31:17Z
addition,www.medtech7.com,15.197.142.173,ns31.domaincontrol.com,,,2022-12-15T20:09:50Z,2022-12-15T20:09:51Z,2024-12-15T20:09:50Z
addition,www.medtecha.com,15.197.148.33,medtecha-com.mail.protection.outlook.com,ns73.domaincontrol.com,,2005-09-13T17:34:21Z,2022-09-15T19:29:57Z,2024-09-13T17:34:21Z
various,www.medtechcom.com,142.252.240.146,,,,2022-12-26T19:00:43Z,2022-12-27T02:54:47Z,2023-12-26T19:00:43Z
addition,www.medteche.com,173.254.41.198,mail.medteche.com,ns1.hostmonster.com,,2015-06-19T14:04:34Z,2023-05-16T16:27:45Z,2024-06-19T14:04:34Z
addition,www.medtechi.com,13.248.243.5,medtechi-com.mail.protection.outlook.com,ns57.domaincontrol.com,,2013-09-18T15:37:36Z,2022-09-19T16:04:12Z,2025-09-18T15:37:36Z
addition,www.medtechn.com,104.21.49.31,2606:4700:3035::6815:311f,,,2022-05-06T17:06:08Z,2023-05-08T20:56:44Z,2024-05-06T17:06:08Z
addition,www.medtechs.com,15.197.148.33,medtechs-com.mail.protection.outlook.com,ns15.domaincontrol.com,,2001-10-02T21:32:05Z,2023-10-03T16:14:36Z,2024-10-02T21:32:05Z
addition,www.medtechv.com,15.197.142.173,alt1.aspmx.l.google.com,ns45.domaincontrol.com,,2016-08-21T15:07:14Z,2023-01-11T21:36:00Z,2032-08-21T15:07:14Z
addition,www.medtechx.com,89.46.108.50,,,,2016-05-07T09:41:58Z,2023-04-30T04:07:57Z,2024-05-07T09:41:58Z
addition,www.medtechy.com,104.21.19.16,2606:4700:3034::6815:1310,,,2012-11-14T16:06:29Z,2022-09-12T21:19:26Z,2023-11-14T16:06:29Z
omission,www.medteh.com,199.59.243.225,,,,2011-01-17T19:54:04Z,2023-01-18T08:32:27Z,2024-01-17T19:54:04Z
bitsquatting,www.medtuch.com,104.21.31.225,2606:4700:3032::6815:1fe1,,,2019-11-28T10:37:39Z,2023-03-03T07:58:57Z,2029-11-28T10:37:39Z
omission,www.medxplore.com,194.63.249.212,2a01:5b40:0:4a01:0:7a42:b28d:279e,,,2004-08-10T07:56:58Z,2023-06-14T06:20:54Z,2024-08-10T07:56:58Z
insertion,www.medxtech.com,15.197.148.33,mailstore1.secureserver.net,ns19.domaincontrol.com,,2007-12-18T16:34:32Z,2022-12-19T17:53:45Z,2023-12-18T16:34:32Z
insertion,www.medytech.com,199.188.201.33,alt1.aspmx.l.google.com,dns1.namecheaphosting.com,,2015-11-26T16:04:54Z,2022-11-18T19:58:59Z,2023-11-26T16:04:54Z
replacement,www.medzech.com,92.205.48.94,2a00:1169:103:9b80::,,,2015-02-28T08:14:51Z,2023-02-27T12:03:41Z,2024-02-28T08:14:51Z
insertion,www.medzequip.com,15.197.148.33,ns75.domaincontrol.com,,,2022-02-24T01:29:32Z,2023-02-24T19:38:03Z,2024-02-24T01:29:32Z
insertion,www.medztech.com,15.197.148.33,mailstore1.secureserver.net,ns13.domaincontrol.com,,2015-02-16T10:54:11Z,2023-02-17T10:57:48Z,2024-02-16T10:54:11Z
insertion,www.meedtech.com,162.215.118.0,mail.meedtech.com,ns1.speedydns.net,,2020-06-07T02:13:24Z,2023-06-07T11:23:36Z,2024-06-07T02:13:24Z
omission,www.meequip.com,156.255.39.13,,,,2022-10-14T18:07:33Z,2023-09-22T08:11:32Z,2024-10-14T18:07:33Z
bitsquatting,www.meetech.com,145.131.10.226,2001:678:76c:3760:301::9,,,2000-12-22T19:15:06Z,2022-11-23T05:30:54Z,2023-12-22T19:15:06Z
omission,www.meexplore.com,3.64.163.50,ns1.dan.com,,,2015-04-28T12:18:42Z,2023-10-18T20:19:57Z,2024-04-28T12:18:42Z
bitsquatting,www.meftech.com,199.59.243.225,,,,2007-04-16T19:06:25Z,2023-04-17T10:15:36Z,2024-04-16T19:06:25Z
bitsquatting,www.meltech.com,15.197.142.173,alt1.aspmx.l.google.com,ns61.domaincontrol.com,,1996-04-21T04:00:00Z,2023-01-16T16:56:02Z,2024-01-16T11:59:59Z
replacement,www.merequip.com,142.250.138.121,2607:f8b0:4002:c02::79,,,2022-02-03T21:13:42Z,2023-02-02T20:52:23Z,2025-02-03T21:13:42Z
replacement,www.mertech.com,199.60.103.227,2606:2c40::c73c:671d,,,2014-09-18T18:29:02Z,2022-09-18T15:37:49Z,2024-09-18T18:29:02Z
insertion,www.mesdtech.com,104.21.56.6,2606:4700:3035::6815:3806,,,2017-07-20T11:44:22Z,2023-07-23T05:00:21Z,2024-07-20T11:44:22Z
replacement,www.mestech.com,66.45.246.141,,,,2004-07-01T18:22:19Z,2023-07-02T07:29:31Z,2024-07-01T18:22:19Z
omission,www.metech.com,162.241.216.131,alt1.aspmx.l.google.com,ns33.domaincontrol.com,,2000-11-06T11:40:04Z,2022-09-20T16:45:20Z,2023-11-06T11:40:04Z
bitsquatting,www.mettech.com,107.161.32.230,mettech-com.mail.protection.outlook.com,ns1.ispcontrol.net,,1995-11-13T05:00:00Z,2023-09-26T15:08:41Z,2024-11-12T05:00:00Z
replacement,www.mextech.com,3.64.163.50,ns1.dan.com,,,1998-04-06T04:00:00Z,2022-11-18T13:29:42Z,2024-04-05T04:00:00Z
bitsquatting,www.mgdtech.com,3.18.7.81,nsg1.namebrightdns.com,,,2016-11-04T18:28:21Z,2023-04-19T21:50:43Z,2024-11-04T18:28:21Z
vowel-swap,www.midequip.com,162.241.224.152,mail.midequip.com,ns1.bluehost.com,,2015-02-27T15:47:08Z,2023-05-16T01:28:17Z,2024-02-27T15:47:08Z
vowel-swap,www.midtech.com,72.52.179.174,mx156.hostedmxserver.com,ns4.dnsauthority.com,,2005-05-22T18:07:49Z,2023-05-23T07:29:53Z,2024-05-22T18:07:49Z
subdomain,www.min.dbalance.com,159.89.244.183,,,,2003-09-09T15:45:21Z,2022-10-10T21:50:06Z,2024-09-09T15:45:21Z
omission,www.minbalance.com,209.151.145.3,2604:ed40:1000:1711:c83b:79ff:fe45:202a,,,2019-02-26T18:02:26Z,2023-05-08T00:30:49Z,2026-02-26T18:02:26Z
subdomain,www.mind.balance.com,12.13.211.113,,,,1995-02-10T05:00:00Z,2023-01-10T09:29:55Z,2024-02-11T05:00:00Z
subdomain,www.mindbalan.ce.com,104.247.81.51,mail.h-email.net,ns1.parkingcrew.net,,1995-02-26T05:00:00Z,2023-08-28T03:29:26Z,2030-02-27T05:00:00Z
*original,www.mindbalance.com,173.255.194.134,mail.mailerhost.net,ns1.mytrafficmanagement.com,,2005-02-21T19:09:34Z,2023-04-13T03:54:45Z,2025-02-21T19:09:34Z
hyphenation,www.mind-balance.com,13.248.169.48,ns3.afternic.com,,,2006-02-19T20:42:15Z,2023-04-13T15:00:58Z,2024-02-19T20:42:15Z
addition,www.mindbalanced.com,35.225.102.92,alt1.aspmx.l.google.com,ns71.domaincontrol.com,,2013-10-14T22:59:26Z,2023-10-15T12:59:08Z,2024-10-14T22:59:26Z
addition,www.mindbalancer.com,34.149.87.45,,,,2017-04-14T10:48:45Z,2023-04-15T17:33:57Z,2024-04-14T10:48:45Z
addition,www.mindbalances.com,34.149.87.45,,,,2020-09-01T02:48:19Z,2023-08-30T16:48:53Z,2024-09-01T02:48:19Z
vowel-swap,www.mindbulance.com,15.197.148.33,ns33.domaincontrol.com,,,2020-08-20T19:03:22Z,2023-08-21T15:44:41Z,2024-08-20T19:03:22Z
bitsquatting,www.mintbalance.com,23.195.213.4,,,,2007-06-02T17:13:03Z,2022-05-01T09:23:52Z,2024-06-02T17:13:03Z
bitsquatting,www.mmdtech.com,72.167.69.89,alt1.aspmx.l.google.com,ns1.tsohost.co.uk,,2005-03-30T02:57:25Z,2023-03-01T07:13:37Z,2024-03-30T01:57:25Z
homoglyph,www.mmedequip.com,15.197.142.173,mailstore1.secureserver.net,ns41.domaincontrol.com,,2011-10-28T02:41:43Z,2022-09-10T08:55:04Z,2026-10-28T02:41:43Z
homoglyph,www.mmedtech.com,194.150.113.21,,,,2014-01-20T07:06:23Z,2022-12-09T12:03:35Z,2025-01-20T07:06:23Z
vowel-swap,www.modtech.com,97.74.211.77,,,,1999-01-29T05:00:00Z,2020-10-08T21:33:05Z,2026-01-29T05:00:00Z
replacement,www.mrdtech.com,52.58.78.16,,,,2020-11-05T19:29:27Z,2022-11-06T16:24:33Z,2023-11-05T19:29:27Z
insertion,www.mredtech.com,64.190.63.111,,,,2020-10-27T23:29:46Z,2022-10-26T08:43:25Z,2024-10-27T23:29:46Z
replacement,www.msdtech.com,64.190.63.111,localhost,ns1.sedoparking.com,,2009-01-06T19:59:18Z,2023-01-01T06:01:34Z,2024-01-06T19:59:18Z
bitsquatting,www.mudtech.com,15.197.142.173,smtp.inetwebusa.com,ns69.domaincontrol.com,,2003-12-02T23:39:34Z,2022-11-04T16:45:48Z,2023-12-02T23:39:34Z
replacement,www.mwdtech.com,34.205.242.146,nsg1.namebrightdns.com,,,2016-03-17T18:14:01Z,2023-04-19T15:10:59Z,2024-03-17T18:14:01Z
replacement,www.mzdtech.com,113.105.159.103,,,,2009-12-10T02:49:16Z,2020-11-28T14:33:23Z,2023-12-10T02:49:16Z
homoglyph,www.ncdtech.com,72.250.162.150,,,,2000-10-24T14:00:35Z,2021-08-25T07:39:35Z,2024-10-24T14:00:35Z
subdomain,www.ne.uropulse.com,208.91.197.27,,,,2014-05-09T21:00:10Z,2022-08-02T15:09:11Z,2025-05-09T21:00:10Z
replacement,www.nearwell.com,3.94.41.167,nsg1.namebrightdns.com,,,2018-10-01T18:33:37Z,2022-08-26T18:49:17Z,2024-10-01T18:33:37Z
homoglyph,www.nebtech.com,94.23.64.16,2001:41d0:1:1b00:94:23:64:16,,,1998-05-09T04:00:00Z,2023-05-09T13:45:19Z,2024-05-08T04:00:00Z
homoglyph,www.nedtech.com,86.105.245.69,,,,2003-07-26T18:29:56Z,2023-07-16T04:52:45Z,2024-07-26T18:29:56Z
omission,www.neropulse.com,3.94.41.167,nsg1.namebrightdns.com,,,2020-01-28T19:08:48Z,2023-04-21T17:23:54Z,2024-01-28T19:08:48Z
subdomain,www.neu.ropulse.com,75.2.37.224,ns1.ibspark.com,,,2022-05-12T21:57:35Z,2023-05-13T11:21:34Z,2024-05-12T21:57:35Z
subdomain,www.neur.opulse.com,159.89.244.183,,,,2006-01-18T06:51:20Z,2023-08-08T14:52:51Z,2025-01-18T06:51:20Z
vowel-swap,www.neurapulse.com,3.64.163.50,ns1.dan.com,,,2022-12-05T19:26:43Z,2023-10-24T01:36:10Z,2023-12-05T19:26:43Z
subdomain,www.neurop.ulse.com,64.190.63.111,localhost,ns1.sedoparking.com,,2002-11-16T13:53:10Z,2022-11-17T08:22:06Z,2023-11-16T13:53:10Z
omission,www.neuropuls.com,81.169.145.86,2a01:238:20a:202:1086::,smtpin.rzone.de,docks13.rzone.de,2012-10-22T08:03:27Z,2023-10-23T07:07:22Z,2024-10-22T08:03:27Z
*original,www.neuropulse.com,157.230.161.221,,,,1997-07-18T04:00:00Z,2023-06-23T10:38:48Z,2024-07-17T04:00:00Z
hyphenation,www.neuro-pulse.com,23.227.38.74,,,,2022-12-08T01:41:18Z,2022-12-08T01:41:19Z,2023-12-08T01:41:18Z
addition,www.neuropulsex.com,3.64.163.50,ns1.dan.com,,,2023-06-30T14:27:35Z,2023-06-30T14:27:38Z,2024-06-30T14:27:35Z
bitsquatting,www.nitvibe.com,15.197.148.33,ns07.domaincontrol.com,,,2023-08-06T01:31:02Z,2023-08-06T01:31:02Z,2025-08-06T01:31:02Z
homoglyph,www.nmedtech.com,208.109.49.241,mail.nmedtech.com,ns1.mediatemple.net,,2015-05-26T21:50:55Z,2023-06-13T14:14:35Z,2024-05-26T21:50:55Z
subdomain,www.nour.ishmart.com,52.71.57.184,nsg1.namebrightdns.com,,,2021-06-12T18:23:22Z,2023-04-22T16:51:06Z,2025-06-12T18:23:22Z
subdomain,www.nouri.shmart.com,13.248.169.48,ns5.afternic.com,,,2005-07-06T16:08:47Z,2023-04-05T01:32:34Z,2024-07-06T16:08:47Z
subdomain,www.nouris.hmart.com,151.101.1.124,,,,1998-08-14T04:00:00Z,2023-08-14T04:21:47Z,2033-08-13T04:00:00Z
subdomain,www.nourish.mart.com,34.206.39.153,,,,1997-11-03T05:00:00Z,2023-09-05T15:17:34Z,2024-11-02T04:00:00Z
omission,www.nourishart.com,15.197.148.33,ns37.domaincontrol.com,,,2021-08-26T16:55:06Z,2023-07-12T16:35:22Z,2024-08-26T16:55:06Z
replacement,www.nourishkart.com,108.138.167.12,mx.zoho.in,ns-1351.awsdns-40.org,,2023-01-22T06:05:07Z,2023-06-24T13:11:04Z,2028-01-22T06:05:07Z
*original,www.nourishmart.com,204.197.250.10,nourishmart.com,ns1.rooted.com,,2020-03-15T00:12:54Z,2023-02-13T06:07:59Z,2024-03-15T00:12:54Z
omission,www.nourishmat.com,198.185.159.144,,,,2012-02-19T19:04:17Z,2023-02-20T18:21:52Z,2024-02-19T19:04:17Z
omission,www.nourismart.com,52.20.84.62,mx1-forward.squadhelp.com,ns1.squadhelp.com,,2019-12-24T21:41:15Z,2023-11-02T19:54:03Z,2024-12-24T21:41:15Z
omission,www.nuropulse.com,91.195.240.19,,,,2019-06-03T02:24:27Z,2023-05-18T13:42:04Z,2024-06-03T02:24:27Z
subdomain,www.oc.cutfit.com,18.119.154.66,domain-for-sale.hugedomainsdns.com,,,2013-03-15T18:16:28Z,2023-04-18T12:49:59Z,2025-03-15T18:16:28Z
subdomain,www.occ.utfit.com,159.89.244.183,,,,2015-09-20T11:51:36Z,2022-10-06T16:25:20Z,2024-09-20T11:51:36Z
omission,www.occufit.com,100.24.208.97,,,,2000-08-11T21:23:24Z,2023-08-12T16:34:51Z,2024-08-11T21:23:24Z
bitsquatting,www.oedtech.com,61.170.81.202,240e:96c:6400:601:3::3f3,,,2008-02-22T02:30:27Z,2021-12-27T08:39:53Z,2024-02-22T02:30:27Z
omission,www.oldenyears.com,23.229.237.226,oldenyears-com.mail.protection.outlook.com,ns47.domaincontrol.com,,2015-06-20T13:29:14Z,2023-06-22T03:15:28Z,2024-06-20T13:29:14Z
subdomain,www.op.tivision.com,64.190.63.111,localhost,ns1.sedoparking.com,,2005-02-15T19:03:53Z,2023-02-10T00:09:13Z,2024-02-15T19:03:53Z
omission,www.opivision.com,209.126.25.179,alt1.aspmx.l.google.com,ns47.domaincontrol.com,,2009-02-05T14:06:40Z,2023-08-30T17:12:45Z,2024-02-05T14:06:40Z
bitsquatting,www.optavision.com,13.248.148.254,,,,2004-05-12T23:41:34Z,2023-03-28T07:04:31Z,2024-05-12T23:41:34Z
subdomain,www.opti.vision.com,141.193.213.10,,,,1998-10-20T04:00:00Z,2021-08-22T07:44:25Z,2026-10-19T04:00:00Z
insertion,www.opticvision.com,64.187.239.229,,,,2001-06-30T10:55:55Z,2023-06-16T02:20:40Z,2024-06-30T10:55:55Z
insertion,www.optikvision.com,185.30.32.183,,,,2001-11-08T14:28:43Z,2022-11-09T08:25:28Z,2023-11-08T14:28:43Z
subdomain,www.optivis.ion.com,64.41.186.27,,,,1993-03-19T05:00:00Z,2019-01-31T23:46:32Z,2024-03-20T04:00:00Z
subdomain,www.optivisi.on.com,104.18.4.176,2606:4700::6812:4b0,,,1993-01-25T05:00:00Z,2023-10-20T18:50:04Z,2030-01-26T05:00:00Z
omission,www.optivisio.com,13.56.33.8,,,,2004-03-16T03:36:12Z,2023-03-16T17:58:43Z,2024-03-16T02:36:12Z
*original,www.optivision.com,70.36.102.203,mail.optivision.com,ns1.dnsowl.com,,2005-03-30T19:22:39Z,2023-08-31T18:20:45Z,2027-03-30T18:22:39Z
hyphenation,www.opti-vision.com,13.248.169.48,ns1.namefind.com,,,2021-01-31T19:17:49Z,2023-08-22T14:29:30Z,2025-01-31T19:17:49Z
addition,www.optivisions.com,18.233.251.213,,,,2017-08-12T07:07:55Z,2023-08-16T00:11:11Z,2024-08-12T07:07:55Z
replacement,www.optovision.com,195.185.184.187,,,,2004-10-02T18:18:48Z,2023-10-03T07:25:24Z,2024-10-02T18:18:48Z
omission,www.optvision.com,217.160.231.143,,,,2001-01-28T16:41:20Z,2023-01-29T08:20:35Z,2024-01-28T16:41:20Z
subdomain,www.orth.ofocus.com,13.248.169.48,ns3.afternic.com,,,2003-07-31T07:34:34Z,2023-07-16T14:36:41Z,2024-07-31T07:34:34Z
subdomain,www.orthof.ocus.com,165.227.246.22,,,,2002-02-14T19:10:28Z,2020-10-20T13:37:52Z,2030-02-14T19:10:28Z
subdomain,www.orthofoc.us.com,45.56.79.23,,,,1993-01-05T05:00:00Z,2023-07-27T13:45:56Z,2031-01-04T05:00:00Z
*original,www.orthofocus.com,95.130.17.35,,,,2002-08-03T07:17:08Z,2023-08-04T07:06:35Z,2024-08-03T07:17:08Z
hyphenation,www.ortho-focus.com,15.197.148.33,orthofocus-com01c.mail.protection.outlook.com,ns57.domaincontrol.com,,2010-11-13T18:48:24Z,2023-07-26T13:17:37Z,2024-07-26T03:59:59Z
bitsquatting,www.padihealth.com,66.29.132.181,mx1-hosting.jellyfish.systems,dns1.namecheaphosting.com,,2023-02-23T12:28:31Z,2023-02-23T12:28:42Z,2024-02-23T12:28:31Z
subdomain,www.pai.nease.com,216.40.34.37,,,,1996-07-12T04:00:00Z,2023-06-12T03:55:33Z,2024-07-11T04:00:00Z
subdomain,www.pain.ease.com,44.208.89.228,,,,1994-10-22T04:00:00Z,2023-10-21T04:34:58Z,2033-10-21T04:00:00Z
homoglyph,www.paincase.com,15.197.148.33,ns67.domaincontrol.com,,,2017-11-27T16:26:01Z,2022-11-28T09:40:17Z,2023-11-27T16:26:01Z
subdomain,www.paine.ase.com,23.253.146.205,,,,1993-07-07T04:00:00Z,2021-05-07T07:40:48Z,2024-07-06T04:00:00Z
*original,www.painease.com,142.250.138.121,2607:f8b0:4023:1006::79,,,1997-05-06T04:00:00Z,2021-02-09T17:15:36Z,2026-05-07T04:00:00Z
addition,www.paineased.com,15.197.142.173,mailstore1.secureserver.net,ns19.domaincontrol.com,,2009-01-13T13:44:12Z,2022-10-31T19:26:31Z,2026-01-13T13:44:12Z
addition,www.paineaser.com,64.190.63.111,localhost,ns1.sedoparking.com,,2013-07-26T19:20:32Z,2023-05-24T01:38:15Z,2024-07-26T19:20:32Z
replacement,www.paineaze.com,15.197.148.33,mx1.improvmx.com,ns33.domaincontrol.com,,2005-01-24T14:16:09Z,2023-01-25T13:26:31Z,2025-01-24T14:16:09Z
insertion,www.painerase.com,13.248.169.48,ns3.afternic.com,,,2019-07-31T18:46:36Z,2023-07-31T10:41:55Z,2024-07-31T18:46:36Z
homoglyph,www.paircase.com,18.119.154.66,nsg1.namebrightdns.com,,,2022-02-19T19:05:51Z,2023-04-23T08:11:18Z,2025-02-19T19:05:51Z
homoglyph,www.pairease.com,91.195.240.19,,,,2023-08-29T21:46:26Z,2023-08-29T21:46:29Z,2024-08-29T21:46:26Z
homoglyph,www.palmease.com,34.205.242.146,nsg1.namebrightdns.com,,,2022-01-20T19:12:40Z,2023-04-23T06:45:06Z,2025-01-20T19:12:40Z
omission,www.panease.com,52.20.84.62,mx1-forward.squadhelp.com,ns1.squadhelp.com,,2023-05-12T11:35:46Z,2023-08-30T15:03:00Z,2024-05-12T11:35:46Z
subdomain,www.path.oview.com,47.242.70.210,,,,2012-03-05T19:28:42Z,2023-08-16T10:38:25Z,2026-03-05T19:28:42Z
subdomain,www.patho.view.com,3.229.159.122,,,,1994-11-01T05:00:00Z,2022-09-01T08:07:47Z,2025-10-31T04:00:00Z
*original,www.pathoview.com,157.90.91.31,,,,2021-04-13T08:04:35Z,2023-05-31T08:52:36Z,2024-04-13T08:04:35Z
omission,www.pathview.com,192.185.159.186,pathview.com,ns1.j3web.com,,1997-03-04T05:00:00Z,2022-12-09T17:24:29Z,2024-03-05T05:00:00Z
omission,www.pdihealth.com,142.93.255.239,d231708a.ess.barracudanetworks.com,ns63.domaincontrol.com,,2012-04-04T18:24:19Z,2022-10-05T19:29:59Z,2027-04-04T18:24:19Z
subdomain,www.pe.dihealth.com,3.64.163.50,ns1.dan.com,,,2016-06-06T18:43:56Z,2023-06-10T03:57:59Z,2024-06-06T18:43:56Z
replacement,www.pedequip.com,15.197.148.33,pedequip-com.mail.protection.outlook.com,ns17.domaincontrol.com,,2022-10-19T21:36:12Z,2022-10-19T21:36:13Z,2024-10-19T21:36:12Z
omission,www.pedhealth.com,13.89.41.168,,,,2011-06-07T19:01:46Z,2021-07-08T21:07:17Z,2031-06-07T19:01:46Z
subdomain,www.pedih.ealth.com,173.255.194.134,,,,2003-11-28T04:06:43Z,2022-10-19T16:12:08Z,2023-11-28T04:06:43Z
subdomain,www.pedihe.alth.com,173.255.194.134,mail.mailerhost.net,ns1.mytrafficmanagement.com,,,,
hyphenation,www.pedi-health.com,34.174.208.47,,,,2022-01-20T06:21:50Z,2023-01-20T13:29:45Z,2024-01-20T06:21:50Z
replacement,www.pedtech.com,162.209.89.41,,,,1999-01-15T05:00:00Z,2023-01-20T13:24:07Z,2025-01-15T05:00:00Z
omission,www.peihealth.com,3.64.163.50,ns1.dan.com,,,2018-11-20T07:03:50Z,2023-10-17T15:36:35Z,2024-11-20T07:03:50Z
bitsquatting,www.pelihealth.com,50.63.27.76,alt1.aspmx.l.google.com,ns23.domaincontrol.com,,2023-08-03T18:03:09Z,2023-08-03T18:03:09Z,2025-08-03T18:03:09Z
replacement,www.perihealth.com,198.185.159.144,,,,2019-06-25T03:28:32Z,2021-06-14T16:50:41Z,2024-06-25T03:28:32Z
omission,www.pinealign.com,104.197.104.56,ns6.wixdns.net,,,2019-07-18T16:41:44Z,2023-06-18T00:08:05Z,2024-07-18T16:41:44Z
omission,www.pinease.com,184.107.41.74,alt1.aspmx.l.google.com,ns1.greengeeks.net,,2017-01-15T01:23:27Z,2023-01-15T17:07:11Z,2024-01-15T01:23:27Z
vowel-swap,www.podihealth.com,153.92.6.135,2a02:4780:a:1079:0:1390:fa4f:2,mx1.hostinger.web.tr,ns1.hostinger.web.tr,2014-12-22T19:08:20Z,2022-11-30T09:29:43Z,2023-12-22T19:08:20Z
omission,www.portwell.com,38.88.18.150,,,,1996-10-16T04:00:00Z,2016-04-08T23:50:45Z,2025-10-15T04:00:00Z
insertion,www.predihealth.com,35.234.120.212,,,,2006-09-29T15:47:19Z,2023-08-24T06:25:43Z,2024-09-29T15:47:19Z
subdomain,www.radian.ceimaging.com,18.119.154.66,nsg1.namebrightdns.com,,,2022-09-13T18:02:20Z,2023-09-07T07:00:44Z,2024-09-13T18:02:20Z
subdomain,www.radianc.eimaging.com,199.59.243.225,,,,1997-11-01T05:00:00Z,2023-10-13T15:54:14Z,2024-10-31T04:00:00Z
subdomain,www.radianceima.ging.com,15.197.204.56,ns1.smartname.com,,,2001-06-07T06:11:55Z,2023-06-29T05:56:14Z,2024-06-07T06:11:55Z
*original,www.radianceimaging.com,75.101.136.228,,,,2012-04-16T00:28:40Z,2023-03-18T05:01:56Z,2024-04-16T00:28:40Z
hyphenation,www.radiance-imaging.com,15.197.148.33,ns69.domaincontrol.com,,,2018-06-25T00:16:33Z,2022-10-12T19:58:07Z,2024-06-25T00:16:33Z
bitsquatting,www.rainease.com,62.72.2.221,2a02:4780:b:1158:0:676:65f0:2,mx1.titan.email,ns1.dns-parking.com,2023-08-06T02:38:19Z,2023-08-06T02:56:49Z,2024-08-06T02:38:19Z
subdomain,www.re.habfit.com,13.248.169.48,ns3.afternic.com,,,2015-02-17T20:56:36Z,2023-03-03T21:25:38Z,2024-02-17T20:56:36Z
homoglyph,www.redequip.com,15.197.142.173,mailstore1.secureserver.net,ns05.domaincontrol.com,,2005-08-10T10:01:59Z,2022-10-26T02:15:48Z,2024-12-16T04:59:59Z
homoglyph,www.redexplore.com,13.248.169.48,ns1.namefind.com,,,2023-07-08T13:03:00Z,2023-07-25T18:24:15Z,2024-07-08T13:03:00Z
bitsquatting,www.redihealth.com,141.193.213.10,,,,2015-08-21T18:28:59Z,2023-01-03T19:08:10Z,2024-08-21T18:28:59Z
homoglyph,www.redtech.com,13.65.210.166,,,,1995-12-11T05:00:00Z,2022-12-11T16:06:15Z,2030-12-10T05:00:00Z
bitsquatting,www.rehabbit.com,185.134.245.113,2a01:5b40:0:bc03::1,,,2023-09-30T18:25:03Z,2023-09-30T18:27:06Z,2024-09-30T18:25:03Z
omission,www.rehabfi.com,15.197.148.33,ns21.domaincontrol.com,,,2022-04-29T17:19:58Z,2023-04-30T17:32:09Z,2024-04-29T17:19:58Z
*original,www.rehabfit.com,198.185.159.144,,,,2006-12-02T00:49:46Z,2022-07-28T03:22:07Z,2023-12-02T00:49:46Z
hyphenation,www.rehab-fit.com,15.197.148.33,ns11.domaincontrol.com,,,2021-12-26T07:04:30Z,2022-12-27T10:24:43Z,2023-12-26T07:04:30Z
omission,www.rehabit.com,195.206.168.94,,,,2003-02-16T01:55:40Z,2023-02-16T08:44:51Z,2024-02-16T01:55:40Z
omission,www.rehafit.com,207.148.248.143,,,,2005-01-05T19:04:21Z,2022-12-07T07:25:30Z,2024-01-05T19:04:21Z
replacement,www.rentacare.com,173.255.194.134,mail.mailerhost.net,ns1.mytrafficmanagement.com,,2004-07-19T18:12:42Z,2023-04-13T03:54:00Z,2024-07-19T18:12:42Z
subdomain,www.rheum.ease.com,44.208.89.228,,,,1994-10-22T04:00:00Z,2023-10-21T04:34:58Z,2033-10-21T04:00:00Z
subdomain,www.rheume.ase.com,23.253.146.205,,,,1993-07-07T04:00:00Z,2021-05-07T07:40:48Z,2024-07-06T04:00:00Z
homoglyph,www.rmedtech.com,34.149.87.45,,,,2022-04-01T18:44:57Z,2023-04-02T14:46:34Z,2024-04-01T18:44:57Z
replacement,www.rootvital.com,3.64.163.50,ns1.dan.com,,,2018-02-20T02:26:35Z,2023-04-07T15:40:40Z,2024-02-20T02:26:35Z
replacement,www.ryeview.com,18.119.154.66,domain-for-sale.hugedomainsdns.com,,,2012-02-17T19:23:10Z,2023-04-18T03:02:06Z,2025-02-17T19:23:10Z
subdomain,www.s.portwell.com,38.88.18.150,,,,1996-10-16T04:00:00Z,2016-04-08T23:50:45Z,2025-10-15T04:00:00Z
subdomain,www.senior.companion.com,64.190.63.111,localhost,ns1.sedoparking.com,,1993-09-13T04:00:00Z,2022-09-14T12:20:35Z,2024-09-12T04:00:00Z
subdomain,www.seniorc.ompanion.com,167.86.114.209,,,,2023-02-02T07:18:15Z,2023-02-02T07:18:16Z,2024-02-02T07:18:15Z
subdomain,www.seniorcompan.ion.com,64.41.186.27,,,,1993-03-19T05:00:00Z,2019-01-31T23:46:32Z,2024-03-20T04:00:00Z
subdomain,www.seniorcompani.on.com,104.18.4.176,2606:4700::6812:4b0,,,1993-01-25T05:00:00Z,2023-10-20T18:50:04Z,2030-01-26T05:00:00Z
*original,www.seniorcompanion.com,157.230.161.221,,,,2001-03-22T14:51:55Z,2023-04-24T16:50:00Z,2024-03-22T13:51:55Z
hyphenation,www.senior-companion.com,108.177.122.121,2607:f8b0:4002:c02::79,,,2019-01-14T22:56:02Z,2023-01-15T06:45:36Z,2024-01-14T22:56:02Z
addition,www.seniorcompanions.com,192.99.158.243,,,,2003-06-13T18:04:15Z,2023-06-07T16:00:56Z,2024-06-13T18:04:15Z
replacement,www.sentacare.com,13.248.169.48,ns3.afternic.com,,,2019-07-08T02:54:13Z,2023-07-03T18:32:42Z,2024-07-08T02:54:13Z
subdomain,www.serenit.yhaven.com,3.18.7.81,nsg1.namebrightdns.com,,,2013-01-08T19:46:23Z,2023-04-18T09:58:38Z,2026-01-08T19:46:23Z
bitsquatting,www.serenitihaven.com,104.21.95.73,2606:4700:3030::6815:5f49,,,2023-10-12T12:12:47Z,2023-10-13T05:12:28Z,2024-10-12T12:12:47Z
*original,www.serenityhaven.com,34.149.87.45,,,,2004-01-19T19:03:51Z,2020-05-19T14:52:26Z,2024-01-19T19:03:51Z
hyphenation,www.serenity-haven.com,162.215.226.6,,,,2020-02-22T23:11:07Z,2023-02-14T19:13:04Z,2026-02-22T23:11:07Z
addition,www.serenityhavens.com,198.185.159.144,,,,2023-03-07T03:11:13Z,2023-03-07T03:11:19Z,2024-03-07T03:11:13Z
insertion,www.serenityshaven.com,193.243.189.45,serenityshaven.com,alpha1.kc.epik.com,,2022-03-24T05:09:02Z,2023-08-05T07:28:12Z,2024-03-24T05:09:02Z
omission,www.siftcare.com,50.2.62.74,,,,2023-04-13T18:08:37Z,2023-04-18T02:35:23Z,2024-04-13T18:08:37Z
subdomain,www.sk.invibe.com,23.235.37.119,,,,2000-03-24T18:35:03Z,2023-03-25T14:22:14Z,2024-03-24T17:35:03Z
homoglyph,www.skinnvibe.com,23.227.38.74,,,,2023-09-15T08:30:18Z,2023-10-27T05:59:48Z,2024-09-15T08:30:18Z
subdomain,www.skinv.ibe.com,13.248.169.48,ns1.namefind.com,,,1996-01-17T05:00:00Z,2023-08-31T13:01:46Z,2025-01-18T05:00:00Z
*original,www.skinvibe.com,207.148.248.143,,,,2010-09-16T00:00:57Z,2023-09-16T07:44:07Z,2024-09-16T00:00:57Z
addition,www.skinvibee.com,185.141.134.48,skinvibee.com,ns1.pasargadweb.com,,2023-10-20T12:14:31Z,2023-10-20T12:14:31Z,2024-10-20T12:14:31Z
addition,www.skinvibes.com,159.89.244.183,,,,2006-01-15T17:35:57Z,2023-08-08T15:02:33Z,2025-01-15T17:35:57Z
addition,www.skinvibez.com,34.149.87.45,,,,2021-07-01T15:08:01Z,2023-07-01T18:18:20Z,2024-07-01T15:08:01Z
replacement,www.skinvibz.com,23.227.38.74,,,,2022-07-14T14:14:34Z,2023-07-04T03:14:08Z,2024-07-14T14:14:34Z
bitsquatting,www.skinvice.com,15.197.148.33,ns51.domaincontrol.com,,,2010-12-04T21:33:26Z,2022-12-23T23:18:54Z,2023-12-04T21:33:26Z
omission,www.skinvie.com,18.233.251.213,,,,2017-09-24T00:52:53Z,2023-09-21T00:52:10Z,2024-09-24T00:52:53Z
replacement,www.skinvine.com,13.248.169.48,ns3.afternic.com,,,2015-07-07T03:22:09Z,2023-08-20T17:44:35Z,2024-07-07T03:22:09Z
replacement,www.skinvive.com,159.180.132.181,,,,2003-11-26T21:54:00Z,2023-10-26T09:30:31Z,2024-11-26T21:54:00Z
bitsquatting,www.skinvybe.com,15.197.148.33,ns53.domaincontrol.com,,,2021-06-24T03:06:14Z,2023-06-24T16:25:46Z,2024-06-24T03:06:14Z
subdomain,www.sle.epease.com,47.242.70.210,,,,2005-09-08T16:08:17Z,2023-07-03T18:06:18Z,2024-09-08T16:08:17Z
subdomain,www.sleep.ease.com,44.208.89.228,,,,1994-10-22T04:00:00Z,2023-10-21T04:34:58Z,2033-10-21T04:00:00Z
replacement,www.sleep3ase.com,23.227.38.74,,,,2023-05-27T22:03:02Z,2023-05-28T03:06:52Z,2024-05-27T22:03:02Z
homoglyph,www.sleepcase.com,34.205.242.146,domain-for-sale.hugedomainsdns.com,,,2013-02-03T19:04:33Z,2023-04-18T10:34:53Z,2024-02-03T19:04:33Z
subdomain,www.sleepe.ase.com,23.253.146.205,,,,1993-07-07T04:00:00Z,2021-05-07T07:40:48Z,2024-07-06T04:00:00Z
bitsquatting,www.sleepeace.com,34.149.87.45,,,,2003-07-21T02:24:48Z,2023-06-05T15:55:56Z,2024-07-21T02:24:48Z
hyphenation,www.sleep-ease.com,69.16.195.79,,,,1996-07-04T04:00:00Z,2023-06-17T13:04:33Z,2024-07-03T04:00:00Z
addition,www.sleepeases.com,23.227.38.74,,,,2023-09-17T21:17:52Z,2023-09-17T21:17:52Z,2024-09-17T21:17:52Z
replacement,www.sleepeaze.com,15.197.142.173,ns45.domaincontrol.com,,,2005-12-27T20:23:10Z,2022-11-17T17:16:25Z,2023-12-27T20:23:10Z
omission,www.sleepese.com,172.234.25.151,dns101.registrar-servers.com,,,2022-10-23T09:06:31Z,2023-10-24T07:08:09Z,2024-10-23T09:06:31Z
insertion,www.sleeplease.com,13.248.243.5,alt1.aspmx.l.google.com,ns73.domaincontrol.com,,2015-06-16T03:17:25Z,2023-06-16T19:26:12Z,2025-06-16T03:17:25Z
homoglyph,www.slimvibe.com,3.64.163.50,ns1.dan.com,,,2010-05-27T07:59:21Z,2022-10-12T22:57:20Z,2024-05-27T07:59:21Z
subdomain,www.smilealignort.ho.com,173.255.194.134,mail.mailerhost.net,ns1.mytrafficmanagement.com,,1995-07-28T04:00:00Z,2023-06-21T14:02:22Z,2024-07-27T04:00:00Z
omission,www.sortwell.com,13.248.169.48,ns3.afternic.com,,,2006-02-16T19:04:12Z,2023-06-06T15:25:32Z,2024-02-16T19:04:12Z
subdomain,www.sp.ortwell.com,66.96.160.133,,,,2018-08-13T19:12:33Z,2023-07-29T15:48:25Z,2024-08-13T19:12:33Z
omission,www.spinalign.com,3.94.41.167,nsg1.namebrightdns.com,,,2017-10-19T18:07:29Z,2023-04-20T12:05:58Z,2024-10-19T18:07:29Z
*original,www.spinealign.com,23.227.38.74,,,,1999-01-15T05:00:00Z,2023-01-16T15:15:52Z,2024-01-15T05:00:00Z
hyphenation,www.spine-align.com,15.197.148.33,mailstore1.secureserver.net,ns03.domaincontrol.com,,2000-02-04T06:11:25Z,2023-02-05T16:52:29Z,2024-02-04T06:11:25Z
addition,www.spinealigns.com,15.197.148.33,ns07.domaincontrol.com,,,2022-07-04T06:37:21Z,2023-07-05T11:12:39Z,2024-07-04T06:37:21Z
subdomain,www.spor.twell.com,121.254.178.238,,,,2006-10-28T18:45:56Z,2023-08-10T05:19:52Z,2025-10-28T18:45:56Z
omission,www.sportell.com,3.18.7.81,nsg1.namebrightdns.com,,,2013-05-13T18:41:09Z,2023-04-18T14:09:00Z,2024-05-13T18:41:09Z
bitsquatting,www.sportsell.com,3.18.7.81,domain-for-sale.hugedomainsdns.com,,,2011-06-19T19:15:19Z,2023-04-17T23:19:50Z,2025-06-19T19:15:19Z
insertion,www.sportswell.com,75.2.0.44,ns1.hosting.co.kr,,,2001-07-05T10:47:43Z,2023-06-26T03:58:08Z,2024-07-05T10:47:43Z
bitsquatting,www.sportwall.com,15.197.142.173,mailstore1.secureserver.net,ns63.domaincontrol.com,,1997-09-23T04:00:00Z,2023-07-18T12:41:09Z,2024-07-17T11:59:59Z
omission,www.sportwel.com,15.197.142.173,mailstore1.secureserver.net,ns09.domaincontrol.com,,2012-06-30T16:49:19Z,2023-08-31T22:12:28Z,2025-06-30T16:49:19Z
*original,www.sportwell.com,3.64.163.50,ns1.dan.com,,,2012-06-21T18:04:47Z,2023-05-26T12:32:00Z,2024-06-21T18:04:47Z
hyphenation,www.sport-well.com,217.160.0.178,2001:8d8:100f:f000::200,,,2023-07-11T20:25:20Z,2023-07-11T20:25:21Z,2024-07-11T20:25:20Z
addition,www.sportwelle.com,15.197.148.33,ns41.domaincontrol.com,,,2023-10-16T16:28:22Z,2023-10-16T16:28:22Z,2024-10-16T16:28:22Z
addition,www.sportwells.com,18.119.154.66,nsg1.namebrightdns.com,,,2022-08-28T18:16:56Z,2023-08-22T07:02:26Z,2024-08-28T18:16:56Z
vowel-swap,www.sportwill.com,62.149.128.45,mx.sportwill.com,dns.technorail.com,,2016-05-16T17:07:15Z,2023-05-22T18:06:33Z,2024-05-16T17:07:15Z
omission,www.spotwell.com,159.203.107.49,alt1.aspmx.l.google.com,ns23.domaincontrol.com,,2011-10-14T18:04:22Z,2023-10-15T10:52:25Z,2024-10-14T18:04:22Z
subdomain,www.swi.ftcare.com,159.89.244.183,,,,2017-10-11T19:02:36Z,2022-10-08T18:06:54Z,2024-10-11T19:02:36Z
omission,www.swifcare.com,15.197.148.33,ns77.domaincontrol.com,,,2019-07-27T20:38:45Z,2023-08-13T05:33:09Z,2024-07-27T20:38:45Z
replacement,www.swiftcade.com,52.20.84.62,mx1-forward.squadhelp.com,ns1.squadhelp.com,,2023-05-05T21:24:04Z,2023-05-05T21:24:05Z,2024-05-05T21:24:04Z
replacement,www.swiftcafe.com,13.248.169.48,ns3.afternic.com,,,2011-12-17T16:39:37Z,2023-02-16T18:32:16Z,2023-12-17T16:39:37Z
subdomain,www.swiftcar.eurgent.com,3.64.163.50,ns1.dan.com,,,2002-10-03T17:16:33Z,2023-08-23T01:07:20Z,2025-10-03T17:16:33Z
bitsquatting,www.swiftcard.com,15.197.204.56,ns1.smartname.com,,,2001-05-03T10:53:25Z,2023-06-30T04:40:56Z,2024-05-03T10:53:25Z
*original,www.swiftcare.com,15.197.142.173,mailstore1.secureserver.net,ns41.domaincontrol.com,,2003-11-13T20:37:31Z,2022-11-23T19:06:49Z,2023-11-13T20:37:31Z
hyphenation,www.swift-care.com,3.233.126.24,,,,2023-08-15T13:30:21Z,2023-08-15T13:30:23Z,2024-08-15T13:30:21Z
subdomain,www.swiftcare.urgent.com,205.178.189.129,,,,1995-08-24T04:00:00Z,2023-06-18T14:19:22Z,2026-08-23T04:00:00Z
addition,www.swiftcares.com,52.71.57.184,nsg1.namebrightdns.com,,,2018-08-18T18:21:00Z,2023-08-19T07:32:25Z,2024-08-18T18:21:00Z
subdomain,www.swiftcareur.gent.com,15.197.204.56,ns1.smartname.com,,,1998-04-16T04:00:00Z,2023-06-23T18:38:47Z,2025-04-15T04:00:00Z
replacement,www.swiftcars.com,54.86.61.222,swiftcars-com.mail.protection.outlook.com,ns03.domaincontrol.com,,2004-02-04T19:22:26Z,2022-09-18T16:11:38Z,2027-02-04T19:22:26Z
insertion,www.swiftcarte.com,23.227.38.74,,,,2023-10-10T20:22:14Z,2023-10-10T20:22:36Z,2024-10-10T20:22:14Z
replacement,www.swiftcarz.com,139.162.207.21,,,,2017-08-02T21:01:37Z,2023-08-03T07:36:56Z,2024-08-02T21:01:37Z
bitsquatting,www.swiftcase.com,18.238.152.104,,,,2010-03-21T01:25:19Z,2023-09-16T10:37:30Z,2024-03-21T01:25:19Z
bitsquatting,www.swiftcave.com,198.54.114.225,mail.swiftcave.com,dns1.namecheaphosting.com,,2020-03-10T01:42:34Z,2023-02-08T07:56:57Z,2024-03-10T01:42:34Z
vowel-swap,www.swiftcore.com,47.97.117.77,,,,2009-03-09T15:55:24Z,2018-05-10T05:21:39Z,2024-03-09T16:55:24Z
vowel-swap,www.swiftcure.com,87.106.166.1,,,,2001-08-02T16:40:10Z,2023-08-03T07:23:27Z,2024-08-02T16:40:10Z
replacement,www.swiftfare.com,50.97.186.163,alt1.aspmx.l.google.com,ns-1374.awsdns-43.org,,2017-08-01T09:51:38Z,2023-06-28T01:41:58Z,2024-08-01T09:51:38Z
bitsquatting,www.swiftkare.com,104.26.4.30,2606:4700:20::681a:41e,,,2022-12-30T02:09:22Z,2022-12-30T02:09:23Z,2024-12-30T02:09:22Z
insertion,www.swiftycare.com,52.193.90.35,mx.zohomail.com,ns-1346.awsdns-40.org,,2021-11-26T07:34:59Z,2022-10-08T19:15:01Z,2023-11-26T07:34:59Z
bitsquatting,www.swyftcare.com,13.248.243.5,swyftcare-com.mail.protection.outlook.com,ns33.domaincontrol.com,,2020-07-24T02:23:05Z,2023-07-25T10:43:10Z,2024-07-24T02:23:05Z
subdomain,www.tec.hvital.com,62.28.116.244,,,,2014-07-30T14:40:05Z,2023-07-15T13:45:17Z,2024-07-30T14:40:05Z
replacement,www.techgital.com,31.220.110.149,2a02:4780:3:696:0:1d7e:5983:a,alt1.aspmx.l.google.com,ns1.dns-parking.com,2022-08-30T15:09:49Z,2023-06-05T16:46:31Z,2024-08-30T15:09:49Z
omission,www.techital.com,100.24.208.97,,,,2000-08-09T18:55:35Z,2022-09-02T17:47:29Z,2031-10-25T03:59:59Z
subdomain,www.techv.ital.com,35.82.156.63,2600:1f14:ea2:fa00:e21b:246a:4174:fd83,,,2000-10-31T11:33:42Z,2023-09-27T14:10:06Z,2024-10-31T10:33:42Z
omission,www.techvial.com,91.195.240.19,,,,2023-09-08T01:41:50Z,2023-09-08T01:41:53Z,2024-09-08T01:41:50Z
bitsquatting,www.techvidal.com,15.197.148.33,ns15.domaincontrol.com,,,2021-11-04T16:48:53Z,2022-11-05T17:40:03Z,2023-11-04T16:48:53Z
replacement,www.techviral.com,104.21.79.209,2606:4700:3032::ac43:9471,,,2011-03-02T14:18:32Z,2023-01-31T21:00:27Z,2024-03-02T14:18:32Z
omission,www.techvita.com,68.178.246.153,,,,2005-03-11T00:20:04Z,2022-09-20T20:42:29Z,2024-03-10T23:20:04Z
*original,www.techvital.com,15.197.142.173,mailstore1.secureserver.net,ns17.domaincontrol.com,,2009-03-08T08:36:30Z,2022-09-05T20:59:34Z,2024-03-08T09:36:30Z
hyphenation,www.tech-vital.com,13.248.169.48,ns5.afternic.com,,,2023-08-01T18:03:08Z,2023-09-10T16:50:02Z,2024-08-01T18:03:08Z
addition,www.techvitals.com,15.197.148.33,techvitals-com.mail.protection.outlook.com,ns01.domaincontrol.com,,2005-10-19T22:53:06Z,2023-10-20T18:10:56Z,2024-10-19T22:53:06Z
bitsquatting,www.techvitam.com,84.16.76.202,2001:1600:4:13:3648:edff:fef6:5acc,,,2021-05-20T05:27:58Z,2023-06-21T20:00:41Z,2025-05-20T05:27:58Z
omission,www.techvtal.com,35.212.66.35,techvtal-com.mail.protection.outlook.com,ns1.bdm.microsoftonline.com,,2012-02-14T11:57:48Z,2023-01-30T03:48:59Z,2024-02-14T11:57:48Z
omission,www.tecvital.com,13.248.169.48,ns5.afternic.com,,,2017-05-02T03:46:14Z,2023-04-14T04:21:17Z,2024-05-02T03:46:14Z
bitsquatting,www.tedihealth.com,3.94.41.167,nsg1.namebrightdns.com,,,2023-07-04T18:02:29Z,2023-07-04T18:32:33Z,2024-07-04T18:02:29Z
subdomain,www.tel.ecareconnect.com,ns1.namebrightdns.com,,,,2017-02-01T19:12:12Z,2022-09-05T20:38:00Z,2025-02-01T19:12:12Z
subdomain,www.telec.areconnect.com,3.18.7.81,nsg1.namebrightdns.com,,,2016-12-07T19:21:25Z,2023-04-19T22:41:40Z,2025-12-07T19:21:25Z
subdomain,www.teleca.reconnect.com,3.233.30.191,invalid,ns1.listing.is,,1999-11-19T12:04:40Z,2023-04-11T20:05:28Z,2025-11-19T12:04:40Z
subdomain,www.telecare.connect.com,104.18.39.99,2606:4700:4400::6812:2763,,,1999-04-21T04:00:00Z,2022-04-14T21:46:34Z,2026-04-21T04:00:00Z
subdomain,www.telecarec.onnect.com,162.210.196.173,,,,2004-07-07T04:33:23Z,2023-09-02T02:25:13Z,2028-07-07T04:33:23Z
subdomain,www.telecareco.nnect.com,121.254.178.253,,,,2004-08-11T01:45:22Z,2023-06-14T01:33:00Z,2024-08-11T01:45:22Z
hyphenation,www.telecare-connect.com,104.21.32.134,2606:4700:3030::ac43:984a,,,2020-04-02T14:18:42Z,2023-04-03T14:47:40Z,2024-04-02T14:18:42Z
replacement,www.us.ill.com,13.248.169.48,ns1.namefind.com,,,1995-04-20T04:00:00Z,2023-05-17T06:23:13Z,2027-04-21T04:00:00Z
homoglyph,www.us.j1i.com,15.197.204.56,ns01.cashparking.com,,,2002-12-09T09:18:46Z,2022-12-10T10:38:11Z,2024-12-09T09:18:46Z
homoglyph,www.us.j1l.com,75.51.0.155,,,,2000-03-24T02:30:35Z,2023-03-23T11:30:04Z,2024-03-24T01:30:35Z
bitsquatting,www.us.jhl.com,68.117.112.133,,,,1997-11-17T05:00:00Z,2023-08-12T20:57:31Z,2029-11-16T05:00:00Z
homoglyph,www.us.ji1.com,213.138.113.108,,,,1999-12-09T23:27:12Z,2022-12-12T10:04:14Z,2023-12-09T23:27:12Z
insertion,www.us.jkll.com,35.82.156.63,2600:1f14:ea2:fa00:e21b:246a:4174:fd83,,,2003-12-15T18:47:14Z,2023-01-28T10:55:41Z,2023-12-15T18:47:14Z
omission,www.us.jl.com,43.154.4.190,,,,1994-10-27T04:00:00Z,2023-07-14T01:50:20Z,2025-10-26T04:00:00Z
bitsquatting,www.us.jlh.com,38.113.1.102,,,,1996-03-22T05:00:00Z,2023-02-28T22:05:46Z,2024-03-23T04:00:00Z
homoglyph,www.us.jli.com,65.100.40.170,,,,1995-02-21T05:00:00Z,2020-12-24T07:39:11Z,2026-02-22T05:00:00Z
replacement,www.us.jlk.com,192.252.144.24,,,,1997-10-01T04:00:00Z,2023-09-11T05:15:27Z,2024-09-30T04:00:00Z
insertion,www.us.jlkl.com,3.64.163.50,ns1.dan.com,,,2006-11-13T19:39:17Z,2022-10-31T05:13:37Z,2023-11-13T19:39:17Z
*original,www.us.jll.com,23.195.195.180,,,,,,
addition,www.us.jll4.com,169.62.49.90,,,,2019-10-21T20:22:52Z,2023-09-23T16:31:32Z,2024-10-21T20:22:52Z
addition,www.us.jlla.com,173.255.194.134,mail.mailerhost.net,ns1.mytrafficmanagement.com,,2002-03-26T21:08:10Z,2023-03-30T00:40:00Z,2024-03-26T20:08:10Z
addition,www.us.jllc.com,15.197.204.56,ns1.smartname.com,,,2000-02-22T15:43:55Z,2023-02-08T00:37:00Z,2025-02-22T15:43:54Z
addition,www.us.jlle.com,173.255.194.134,mail.mailerhost.net,ns1.mytrafficmanagement.com,,2004-01-01T21:06:38Z,2023-08-17T17:17:00Z,2025-01-01T21:06:38Z
addition,www.us.jllj.com,199.59.243.225,,,,2007-04-15T18:05:09Z,2023-08-18T00:13:04Z,2025-04-15T18:05:09Z
addition,www.us.jllm.com,15.197.172.60,,,,2002-04-03T21:04:07Z,2023-04-02T10:34:10Z,2024-04-03T20:04:07Z
addition,www.us.jllo.com,64.190.63.111,localhost,ns1.sedoparking.com,,2001-02-04T17:00:36Z,2023-01-28T22:05:36Z,2024-02-04T17:00:36Z
addition,www.us.jllq.com,3.64.163.50,ns1.dan.com,,,2008-08-11T18:45:31Z,2023-10-09T09:20:38Z,2024-08-11T18:45:31Z
addition,www.us.jllt.com,205.144.76.114,,,,2009-09-22T19:10:02Z,2021-03-01T20:54:30Z,2030-04-20T21:20:53Z
addition,www.us.jllu.com,64.190.63.111,localhost,ns1.sedoparking.com,,2007-04-13T13:01:14Z,2023-04-14T14:45:43Z,2024-04-13T13:01:14Z
replacement,www.us.jlo.com,192.64.119.254,,,,1995-11-25T05:00:00Z,2022-08-31T22:46:15Z,2030-11-24T05:00:00Z
insertion,www.us.jlol.com,64.190.63.111,localhost,ns1.sedoparking.com,,2000-02-28T13:45:13Z,2023-01-14T00:30:08Z,2024-02-28T13:45:13Z
bitsquatting,www.us.jml.com,192.157.56.141,,,,1997-07-09T04:00:00Z,2023-08-17T13:46:37Z,2030-07-08T04:00:00Z
insertion,www.us.jmll.com,206.188.192.9,,,,1999-04-09T04:00:00Z,2016-01-13T23:33:26Z,2025-04-09T04:00:00Z
insertion,www.us.joll.com,206.180.141.171,,,,2000-01-11T21:17:27Z,2022-12-31T11:53:25Z,2024-01-11T21:17:27Z
bitsquatting,www.us.nll.com,104.26.4.34,2606:4700:20::681a:422,,,2000-05-30T10:48:01Z,2022-09-30T07:10:23Z,2025-05-30T10:48:01Z
replacement,www.us.ull.com,173.255.194.134,ns1.mytrafficmanagement.com,,,1999-02-23T05:00:00Z,2023-01-25T05:00:15Z,2024-02-23T05:00:00Z
various,www.usjll.com,13.248.169.48,ns3.afternic.com,,,2023-08-30T12:49:01Z,2023-08-30T12:49:01Z,2024-08-30T12:49:01Z
replacement,www.veripsych.com,15.197.148.33,ns49.domaincontrol.com,,,2021-04-30T21:10:52Z,2023-05-01T11:15:55Z,2024-04-30T21:10:52Z
replacement,www.veriwell.com,3.98.204.93,mx1.ewebdevelopment.com,ns1.power-dns.com,,2006-10-17T13:10:56Z,2023-08-01T09:25:07Z,2025-10-17T13:10:56Z
bitsquatting,www.vitvibe.com,15.197.204.56,ns01.cashparking.com,,,2023-05-27T14:30:48Z,2023-08-04T03:08:28Z,2024-05-30T11:59:59Z
subdomain,www.well.corephysicians.com,205.178.189.131,,,,2000-12-12T20:50:14Z,2020-08-26T15:18:10Z,2023-12-12T20:50:14Z
subdomain,www.wellcore.physicians.com,52.201.84.29,,,,1995-04-21T04:00:00Z,2022-04-18T09:14:10Z,2027-04-22T04:00:00Z
subdomain,www.wellcorephy.sicians.com,198.54.117.242,failed-whois-verification.namecheap.com,,,2023-02-14T09:13:01Z,2023-03-01T09:15:41Z,2024-02-14T09:13:01Z
subdomain,www.wo.menvibe.com,3.130.204.160,nsg1.namebrightdns.com,,,2018-10-10T18:06:56Z,2022-08-27T04:56:17Z,2024-10-10T18:06:56Z
bitsquatting,www.womanvibe.com,13.248.169.48,ns3.afternic.com,,,2016-08-03T00:47:03Z,2023-08-03T19:32:14Z,2024-08-03T00:47:03Z
subdomain,www.womenv.ibe.com,13.248.169.48,ns1.namefind.com,,,1996-01-17T05:00:00Z,2023-08-31T13:01:46Z,2025-01-18T05:00:00Z
*original,www.womenvibe.com,13.248.169.48,ns3.afternic.com,,,2022-11-02T18:08:42Z,2023-10-29T04:22:14Z,2024-11-02T18:08:42Z
addition,www.womenvibes.com,50.117.62.242,,,,2022-10-06T18:20:19Z,2023-10-07T07:29:25Z,2024-10-06T18:20:19Z
replacement,www.womenvine.com,13.248.169.48,ns1.namefind.com,,,2021-06-07T18:19:30Z,2023-07-12T03:49:04Z,2024-06-07T18:19:30Z
subdomain,www.workpl.acevitality.com,207.148.248.143,,,,2012-06-19T13:07:39Z,2023-06-20T07:18:19Z,2024-06-19T13:07:39Z
subdomain,www.workplacevit.ality.com,66.96.162.200,,,,1999-10-04T03:15:57Z,2023-08-23T09:33:00Z,2028-10-04T03:15:57Z
subdomain,www.workplacevita.lity.com,121.254.178.253,,,,2002-05-25T18:16:05Z,2023-07-24T23:43:07Z,2025-05-25T18:16:05Z
*original,www.workplacevitality.com,209.17.116.163,,,,2013-01-13T20:32:36Z,2023-01-04T09:39:11Z,2024-01-13T20:32:36Z
replacement,www.wyeview.com,88.208.241.186,,,,2014-08-24T19:08:46Z,2023-08-25T07:32:44Z,2024-08-24T19:08:46Z
homoglyph,www.xn--optivisin-d7a.com,15.197.148.33,ns75.domaincontrol.com,,,2023-05-14T18:57:35Z,2023-05-14T18:57:35Z,2024-05-14T18:57:35Z
replacement,www.yearwell.com,3.130.204.160,nsg1.namebrightdns.com,,,2022-03-11T19:12:03Z,2022-08-23T06:10:15Z,2024-03-11T19:12:03Z
replacement,www.zenoinsight.com,50.63.8.227,ns47.domaincontrol.com,,,2018-10-02T00:28:46Z,2023-07-19T08:32:29Z,2024-10-02T00:28:46Z
